[Header],,,,,,,
IEMFileVersion,5,,,,,,
Investigator Name,Mr. Science,,,,,,
Experiment Name,0159_20200131,,,,,,
Date,1/31/2020,,,,,,
Workflow,GenerateFASTQ,,,,,,
Application,FASTQ Only,,,,,,
Instrument Type,MiSeq,,,,,,
Assay,Caporaso,,,,,,
Index Adapters,Caporaso,,,,,,
Chemistry,Default,,,,,,
[Reads],,,,,,,
251,,,,,,,
251,,,,,,,
[Settings],,,,,,,
ReverseComplement,0,,,,,,
[Data],,,,,,,
Sample_ID,Sample_Name,Sample_Plate,Sample_Well,I7_Index_ID,index,Sample_Project,Description
0159_AZ03_32003_20171013_ST,0159_AZ03_32003_20171013_ST,Plate_5_ALT,A01,5_A01,ACCGATAATTCC,,
0159_AZ03_32008_20180124_ST,0159_AZ03_32008_20180124_ST,Plate_5_ALT,B01,5_B01,CAAGTGAGAGAG,,
0159_AZ03_32011_20180226_ST,0159_AZ03_32011_20180226_ST,Plate_5_ALT,C01,5_C01,GTCTTCGTCGCT,,
0159_AZ03_32012_20180325_ST,0159_AZ03_32012_20180325_ST,Plate_5_ALT,D01,5_D01,GGAAAGTCGAAG,,
0159_AZ03_32014_20180518_ST,0159_AZ03_32014_20180518_ST,Plate_5_ALT,E01,5_E01,TCCACAGGAGTT,,
0159_AZ03_32016_20180605_ST,0159_AZ03_32016_20180605_ST,Plate_5_ALT,F01,5_F01,GTTACTGGGTGG,,
0159_AZ03_32017_20180611_ST,0159_AZ03_32017_20180611_ST,Plate_5_ALT,G01,5_G01,GAAGGAAGCAGG,,
0159_AZ03_32018_20180619_ST,0159_AZ03_32018_20180619_ST,Plate_5_ALT,H01,5_H01,TGAGTGGAATGA,,
0159_AZ03_32019_20180615_ST,0159_AZ03_32019_20180615_ST,Plate_5_ALT,A02,5_A02,CTATGCTTGATG,,
0159_AZ03_32020_20180623_ST,0159_AZ03_32020_20180623_ST,Plate_5_ALT,B02,5_B02,GTTGCTTGCAAT,,
0159_AZ03_32021_20180717_ST,0159_AZ03_32021_20180717_ST,Plate_5_ALT,C02,5_C02,GAGTTAGGGAAG,,
0159_AZ03_32023_20180718_ST,0159_AZ03_32023_20180718_ST,Plate_5_ALT,D02,5_D02,GGTTCTTATGAC,,
0159_AZ03_32024_20180723_ST,0159_AZ03_32024_20180723_ST,Plate_5_ALT,E02,5_E02,CTACGACCATTA,,
0159_AZ03_32026_20180802_ST,0159_AZ03_32026_20180802_ST,Plate_5_ALT,F02,5_F02,TCATCGCGATAT,,
0159_AZ03_32027_20180806_ST,0159_AZ03_32027_20180806_ST,Plate_5_ALT,G02,5_G02,CCTTGTGCCTTG,,
0159_AZ03_32028_20180808_ST,0159_AZ03_32028_20180808_ST,Plate_5_ALT,H02,5_H02,TCGTGATGTGAC,,
0159_AZ03_32029_20180906_ST,0159_AZ03_32029_20180906_ST,Plate_5_ALT,A03,5_A03,GTCAACGCGATG,,
0159_AZ03_32032_20180919_ST,0159_AZ03_32032_20180919_ST,Plate_5_ALT,B03,5_B03,ACATGTCACGTG,,
0159_AZ03_32033_20180922_ST,0159_AZ03_32033_20180922_ST,Plate_5_ALT,C03,5_C03,GCCGTTCTTCCA,,
0159_AZ03_32034_20181015_ST,0159_AZ03_32034_20181015_ST,Plate_5_ALT,D03,5_D03,TAACTTGCGGAC,,
0159_AZ03_32035_20181025_ST,0159_AZ03_32035_20181025_ST,Plate_5_ALT,E03,5_E03,TCGACGGTGCAA,,
0159_AZ03_32039_20181023_ST,0159_AZ03_32039_20181023_ST,Plate_5_ALT,F03,5_F03,AGATTACCGGCG,,
0159_AZ03_32040_20181029_ST,0159_AZ03_32040_20181029_ST,Plate_5_ALT,G03,5_G03,GACTTATAGGCC,,
0159_AZ03_32043_20181121_ST,0159_AZ03_32043_20181121_ST,Plate_5_ALT,H03,5_H03,AGAGAAATGTCG,,
0159_AZ03_32044_20181207_ST,0159_AZ03_32044_20181207_ST,Plate_5_ALT,A04,5_A04,ACGACTATGTGC,,
0159_AZ03_32047_20190111_ST,0159_AZ03_32047_20190111_ST,Plate_5_ALT,B04,5_B04,ACTTCAACTGTG,,
0159_AZ03_32048_20190126_ST,0159_AZ03_32048_20190126_ST,Plate_5_ALT,C04,5_C04,GTAGTGTCTAGC,,
0159_AZ03_32049_20190123_ST,0159_AZ03_32049_20190123_ST,Plate_5_ALT,D04,5_D04,GAGAGCTCTACG,,
0159_AZ03_32050_20190124_ST,0159_AZ03_32050_20190124_ST,Plate_5_ALT,E04,5_E04,ACGTCTGTAGCA,,
0159_AZ03_32051_20190207_ST,0159_AZ03_32051_20190207_ST,Plate_5_ALT,F04,5_F04,TCAAGGCATCGG,,
0159_AZ03_32052_20190211_ST,0159_AZ03_32052_20190211_ST,Plate_5_ALT,G04,5_G04,GCATGAAATGGA,,
0159_AZ03_32054_20190218_ST,0159_AZ03_32054_20190218_ST,Plate_5_ALT,H04,5_H04,TAGTTAACGTCC,,
0159_AZ03_32055_20190318_ST,0159_AZ03_32055_20190318_ST,Plate_5_ALT,A05,5_A05,AGTGTATTTGCC,,
0159_AZ03_32056_20190315_ST,0159_AZ03_32056_20190315_ST,Plate_5_ALT,B05,5_B05,CAGTGATCCTAG,,
0159_AZ03_32057_20190317_ST,0159_AZ03_32057_20190317_ST,Plate_5_ALT,C05,5_C05,CGTTCAATCCAA,,
0159_AZ03_32059_20190415_ST,0159_AZ03_32059_20190415_ST,Plate_5_ALT,D05,5_D05,AGCTCTCAGAGG,,
0159_AZ03_32060_20190429_ST,0159_AZ03_32060_20190429_ST,Plate_5_ALT,E05,5_E05,TAGTCAGGCCAT,,
0159_AZ03_32062_20190530_ST,0159_AZ03_32062_20190530_ST,Plate_5_ALT,F05,5_F05,TTCGTGCCTGCT,,
0159_AZ03_32065_20190614_ST,0159_AZ03_32065_20190614_ST,Plate_5_ALT,G05,5_G05,GATGATCGCCGA,,
0159_AZ03_32067_20190616_ST,0159_AZ03_32067_20190616_ST,Plate_5_ALT,H05,5_H05,ACGCAACTGCTA,,
0159_AZ03_32068_20190626_ST,0159_AZ03_32068_20190626_ST,Plate_5_ALT,A06,5_A06,CTGGAGCATGAC,,
0159_AZ03_32070_20190619_ST,0159_AZ03_32070_20190619_ST,Plate_5_ALT,B06,5_B06,ATTTGGGTCATC,,
0159_AZ03_32071_20190715_ST,0159_AZ03_32071_20190715_ST,Plate_5_ALT,C06,5_C06,CACTGGTATATC,,
0159_AZ03_32072_20190809_ST,0159_AZ03_32072_20190809_ST,Plate_5_ALT,D06,5_D06,ACTGCATCGAGG,,
0159_AZ03_32073_20190819_ST,0159_AZ03_32073_20190819_ST,Plate_5_ALT,E06,5_E06,TTGTATGTGCGT,,
0159_AZ03_32076_20190827_ST,0159_AZ03_32076_20190827_ST,Plate_5_ALT,F06,5_F06,TAGTGCTGCGTA,,
0159_AZ03_32077_20190830_ST,0159_AZ03_32077_20190830_ST,Plate_5_ALT,G06,5_G06,TTCGCGTGAAAC,,
0159_AZ03_32078_20190910_ST,0159_AZ03_32078_20190910_ST,Plate_5_ALT,H06,5_H06,TCCAATAGCGTG,,
0159_AZ03_32079_20190914_ST,0159_AZ03_32079_20190914_ST,Plate_5_ALT,A07,5_A07,CAGCTTACTAGG,,
0159_AZ03_32080_20190917_ST,0159_AZ03_32080_20190917_ST,Plate_5_ALT,B07,5_B07,TCCTACTCCGGT,,
0159_AZ03_32081_20190918_ST,0159_AZ03_32081_20190918_ST,Plate_5_ALT,C07,5_C07,TGGCAGTTTGTT,,
0159_AZ03_32083_20190920_ST,0159_AZ03_32083_20190920_ST,Plate_5_ALT,D07,5_D07,TGAATAGTCCGC,,
0159_AZ03_32084_20191002_ST,0159_AZ03_32084_20191002_ST,Plate_5_ALT,E07,5_E07,ACAGACCACTCA,,
0159_AZ03_32085_20191015_ST,0159_AZ03_32085_20191015_ST,Plate_5_ALT,F07,5_F07,CAGCACTAAGCG,,
0159_AZ03_32086_20191018_ST,0159_AZ03_32086_20191018_ST,Plate_5_ALT,G07,5_G07,CAAGGTTCTTGT,,
0159_AZ03_32087_20191030_ST,0159_AZ03_32087_20191030_ST,Plate_5_ALT,H07,5_H07,GGAAGTGAAGTT,,
0159_AZ03_32089_20191111_ST,0159_AZ03_32089_20191111_ST,Plate_5_ALT,A08,5_A08,ACTCGTCGGTAA,,
0159_AZ03_32092_20191205_ST,0159_AZ03_32092_20191205_ST,Plate_5_ALT,B08,5_B08,AGGTAGTCCTCA,,
0159_AZ03_32093_20191209_ST,0159_AZ03_32093_20191209_ST,Plate_5_ALT,C08,5_C08,ACACATGTCTAC,,
0159_AS41_40007_20171205_ST,0159_AS41_40007_20171205_ST,Plate_5_ALT,D08,5_D08,CAATTGTGCACG,,
0159_AS41_40012_20180310_ST,0159_AS41_40012_20180310_ST,Plate_5_ALT,E08,5_E08,ACGAGTGCTATC,,
0159_AS41_40013_20180310_ST,0159_AS41_40013_20180310_ST,Plate_5_ALT,F08,5_F08,TCGCAAACTTTG,,
0159_AS41_40014_20190601_ST,0159_AS41_40014_20190601_ST,Plate_5_ALT,G08,5_G08,GCTAAGAGAGTA,,
0159_AS41_40017_20190207_ST,0159_AS41_40017_20190207_ST,Plate_5_ALT,H08,5_H08,TATATCCACTGG,,
0159_AS41_40018_20180419_ST,0159_AS41_40018_20180419_ST,Plate_5_ALT,A09,5_A09,CTACATCTAAGC,,
0159_AS41_40019_20180131_ST,0159_AS41_40019_20180131_ST,Plate_5_ALT,B09,5_B09,GCAAGCCGATTG,,
0159_AS41_40020_20180117_ST,0159_AS41_40020_20180117_ST,Plate_5_ALT,C09,5_C09,CGCGTAACTGTA,,
0159_AS41_40022_20180209_ST,0159_AS41_40022_20180209_ST,Plate_5_ALT,D09,5_D09,GAACTTAGGCCG,,
0159_AS41_40024_20190210_ST,0159_AS41_40024_20190210_ST,Plate_5_ALT,E09,5_E09,AAGTTCGCGCTA,,
0159_AS41_40026_20190507_ST,0159_AS41_40026_20190507_ST,Plate_5_ALT,F09,5_F09,AGATCGGCTCGA,,
0159_AS41_40028_20180214_ST,0159_AS41_40028_20180214_ST,Plate_5_ALT,G09,5_G09,GCGCGAACAGTT,,
0159_AS41_40029_20180306_ST,0159_AS41_40029_20180306_ST,Plate_5_ALT,H09,5_H09,GCGTTACACACA,,
0159_AS41_40030_20190630_ST,0159_AS41_40030_20190630_ST,Plate_5_ALT,A10,5_A10,CCGCTACGTCTT,,
0159_AS41_40031_20190318_ST,0159_AS41_40031_20190318_ST,Plate_5_ALT,B10,5_B10,CGATCGAGTGTT,,
0159_AS41_40032_20190321_ST,0159_AS41_40032_20190321_ST,Plate_5_ALT,C10,5_C10,TACTAGGGCTTG,,
0159_AS41_40033_20190330_ST,0159_AS41_40033_20190330_ST,Plate_5_ALT,D10,5_D10,GATGTGAGCGCT,,
0159_AS41_40034_20190308_ST,0159_AS41_40034_20190308_ST,Plate_5_ALT,E10,5_E10,GGTGCGTGTATG,,
0159_AS41_40035_20190310_ST,0159_AS41_40035_20190310_ST,Plate_5_ALT,F10,5_F10,GAACATGATGAG,,
0159_AS41_40037_20190308_ST,0159_AS41_40037_20190308_ST,Plate_5_ALT,G10,5_G10,GTAGATGCTTCG,,
0159_AS41_40038_20190307_ST,0159_AS41_40038_20190307_ST,Plate_5_ALT,H10,5_H10,TTGCACGATTGG,,
0159_AS41_40040_20180411_ST,0159_AS41_40040_20180411_ST,Plate_5_ALT,A11,5_A11,GGTGTAAGGTAA,,
0159_AS41_40041_20180329_ST,0159_AS41_40041_20180329_ST,Plate_5_ALT,B11,5_B11,AACAGCCGGTCA,,
0159_AS41_40042_20180501_ST,0159_AS41_40042_20180501_ST,Plate_5_ALT,C11,5_C11,GATCCGACACTA,,
0159_AS41_40043_20180424_ST,0159_AS41_40043_20180424_ST,Plate_5_ALT,D11,5_D11,GTGCCATAACCA,,
0159_AS41_40044_20180615_ST,0159_AS41_40044_20180615_ST,Plate_5_ALT,E11,5_E11,CTTGACTGAGGT,,
0159_AS41_40045_20180410_ST,0159_AS41_40045_20180410_ST,Plate_5_ALT,F11,5_F11,AGAAGTCCCTGG,,
0159_AS41_40047_20180516_ST,0159_AS41_40047_20180516_ST,Plate_5_ALT,G11,5_G11,GTGTGGCCAAAC,,
0159_AS41_40048_20181125_ST,0159_AS41_40048_20181125_ST,Plate_5_ALT,H11,5_H11,CTCTGCTAGCCT,,
0159_AS41_40049_20181105_ST,0159_AS41_40049_20181105_ST,Plate_5_ALT,A12,5_A12,GGCCATTAGTCA,,
0159_AS41_40050_20181101_ST,0159_AS41_40050_20181101_ST,Plate_5_ALT,B12,5_B12,TATTGCTCCTCC,,
0159_AS41_40052_20180928_ST,0159_AS41_40052_20180928_ST,Plate_5_ALT,C12,5_C12,TGCAGAGCTCAG,,
0159_AS41_40053_20180612_ST,0159_AS41_40053_20180612_ST,Plate_5_ALT,D12,5_D12,ATCAGAACCTCG,,
0011_2091_20200109,0011_2091_20200109,Plate_5_ALT,E12,5_E12,GTGTTTGGTCGA,,
0000_2092_20200109,0000_2092_20200109,Plate_5_ALT,F12,5_F12,CGCAAGGATTGC,,
0001_2093_20200114,0001_2093_20200114,Plate_5_ALT,G12,5_G12,TGGGCAACCTGA,,
0159_AS41_40055_20180716_ST,0159_AS41_40055_20180716_ST,Plate_7_ALT,A01,7_A01,GACAAGGCTCCA,,
0159_AS41_40057_20180522_ST,0159_AS41_40057_20180522_ST,Plate_7_ALT,B01,7_B01,AGCGACTGTGCA,,
0159_AS41_40058_20180625_ST,0159_AS41_40058_20180625_ST,Plate_7_ALT,C01,7_C01,AATGGCCTCTAT,,
0159_AS41_40063_20190320_ST,0159_AS41_40063_20190320_ST,Plate_7_ALT,D01,7_D01,AGCCGAATTCCA,,
0159_AS41_40065_20190328_ST,0159_AS41_40065_20190328_ST,Plate_7_ALT,E01,7_E01,GTCAAACTTACC,,
0159_AS41_40068_20190430_ST,0159_AS41_40068_20190430_ST,Plate_7_ALT,F01,7_F01,TATGGCACACAC,,
0159_AS41_40070_20190424_ST,0159_AS41_40070_20190424_ST,Plate_7_ALT,G01,7_G01,CGTTGCCTCGTT,,
0159_AS41_40071_20190501_ST,0159_AS41_40071_20190501_ST,Plate_7_ALT,H01,7_H01,CGTACTAGACTG,,
0159_AS41_40072_20190422_ST,0159_AS41_40072_20190422_ST,Plate_7_ALT,A02,7_A02,GCTTACATCGAG,,
0159_AS41_40073_20190706_ST,0159_AS41_40073_20190706_ST,Plate_7_ALT,B02,7_B02,AGGATCCGCATG,,
0159_AS41_40075_20190608_ST,0159_AS41_40075_20190608_ST,Plate_7_ALT,C02,7_C02,GGTTTCAAGCTT,,
0159_AS41_40081_20190607_ST,0159_AS41_40081_20190607_ST,Plate_7_ALT,D02,7_D02,GACTGCATCTTA,,
0159_AS41_40082_20190921_ST,0159_AS41_40082_20190921_ST,Plate_7_ALT,E02,7_E02,GTACCGTGGTAG,,
0159_AS41_40084_20190710_ST,0159_AS41_40084_20190710_ST,Plate_7_ALT,F02,7_F02,ATTCGGTTGTCA,,
0159_AS41_40085_20190714_ST,0159_AS41_40085_20190714_ST,Plate_7_ALT,G02,7_G02,GTCGCTGTCTTC,,
0159_AS41_40086_20190715_ST,0159_AS41_40086_20190715_ST,Plate_7_ALT,H02,7_H02,GAATCCGGACAC,,
0159_AS41_40087_20190717_ST,0159_AS41_40087_20190717_ST,Plate_7_ALT,A03,7_A03,ACTGTCGAAGCT,,
0159_AS41_40088_20191004_ST,0159_AS41_40088_20191004_ST,Plate_7_ALT,B03,7_B03,TTCTACGGAGCA,,
0159_AS41_40089_20190724_ST,0159_AS41_40089_20190724_ST,Plate_7_ALT,C03,7_C03,TCGAGACGCTTA,,
0159_AS41_40090_20190801_ST,0159_AS41_40090_20190801_ST,Plate_7_ALT,D03,7_D03,GATTACTCGGCA,,
0159_AS41_40091_20190918_ST,0159_AS41_40091_20190918_ST,Plate_7_ALT,E03,7_E03,TCAGACAGACCG,,
0159_AS41_40093_20191022_ST,0159_AS41_40093_20191022_ST,Plate_7_ALT,F03,7_F03,AGCACGAGCCTA,,
0159_AS41_40097_20191022_ST,0159_AS41_40097_20191022_ST,Plate_7_ALT,G03,7_G03,GATCGCAGGTGT,,
0159_AS41_40099_20191031_ST,0159_AS41_40099_20191031_ST,Plate_7_ALT,H03,7_H03,TACATCACCACA,,
0159_AS41_40100_20191102_ST,0159_AS41_40100_20191102_ST,Plate_7_ALT,A04,7_A04,CTTGATGCGTAT,,
0159_AS41_40101_20191130_ST,0159_AS41_40101_20191130_ST,Plate_7_ALT,B04,7_B04,GTGTACCTATCA,,
0159_AS41_40102_20191114_ST,0159_AS41_40102_20191114_ST,Plate_7_ALT,C04,7_C04,CCACGAAGCTAT,,
0159_AA34_42398_20190408_ST,0159_AA34_42398_20190408_ST,Plate_7_ALT,D04,7_D04,TCTTGTCAAGGT,,
0159_AA34_42400_20190423_ST,0159_AA34_42400_20190423_ST,Plate_7_ALT,E04,7_E04,GGCGACATGTAC,,
0159_AA34_42403_20190422_ST,0159_AA34_42403_20190422_ST,Plate_7_ALT,F04,7_F04,CGCCTTAAGGAG,,
0159_AA34_42406_20190430_ST,0159_AA34_42406_20190430_ST,Plate_7_ALT,G04,7_G04,GAATGCAACGCC,,
0159_AA34_42407_20190423_ST,0159_AA34_42407_20190423_ST,Plate_7_ALT,H04,7_H04,GTTGAACGAAAG,,
0159_AA34_42409_20190428_ST,0159_AA34_42409_20190428_ST,Plate_7_ALT,A05,7_A05,TGACGGACATCT,,
0159_AA34_42411_20190504_ST,0159_AA34_42411_20190504_ST,Plate_7_ALT,B05,7_B05,TCGATGAACTCG,,
0159_AA34_42412_20190424_ST,0159_AA34_42412_20190424_ST,Plate_7_ALT,C05,7_C05,AATTTGATCCCG,,
0159_AA34_42413_20190513_ST,0159_AA34_42413_20190513_ST,Plate_7_ALT,D05,7_D05,GGTGGTGGTTAC,,
0159_AA34_42414_20190612_ST,0159_AA34_42414_20190612_ST,Plate_7_ALT,E05,7_E05,CGCACTCTAGAA,,
0159_AA34_42415_20190506_ST,0159_AA34_42415_20190506_ST,Plate_7_ALT,F05,7_F05,TGACCCAGGCAA,,
0159_AA34_42416_20190508_ST,0159_AA34_42416_20190508_ST,Plate_7_ALT,G05,7_G05,CTGAACGCTAGT,,
0159_AA34_42417_20190518_ST,0159_AA34_42417_20190518_ST,Plate_7_ALT,H05,7_H05,CAGAATCTTCGG,,
0159_AA34_42421_20190526_ST,0159_AA34_42421_20190526_ST,Plate_7_ALT,A06,7_A06,TTCAACAGGTGC,,
0159_AA34_42422_20190602_ST,0159_AA34_42422_20190602_ST,Plate_7_ALT,B06,7_B06,GACAATCTGCTT,,
0159_AA34_42423_20190503_ST,0159_AA34_42423_20190503_ST,Plate_7_ALT,C06,7_C06,CATTCGATGACT,,
0159_AA34_42424_20190529_ST,0159_AA34_42424_20190529_ST,Plate_7_ALT,D06,7_D06,GACCGAGCTATG,,
0159_AA34_42425_20190602_ST,0159_AA34_42425_20190602_ST,Plate_7_ALT,E06,7_E06,CATAACATCCGT,,
0159_AA34_42427_20190604_ST,0159_AA34_42427_20190604_ST,Plate_7_ALT,F06,7_F06,GAAGCAGAATTG,,
0159_AA34_42430_20190612_ST,0159_AA34_42430_20190612_ST,Plate_7_ALT,G06,7_G06,ACTTTGTCGCAA,,
0159_AA34_42432_20190702_ST,0159_AA34_42432_20190702_ST,Plate_7_ALT,H06,7_H06,TGTAACGCCAAC,,
0159_AA34_42433_20190617_ST,0159_AA34_42433_20190617_ST,Plate_7_ALT,A07,7_A07,AGTTTCTCTAGG,,
0159_AA34_42435_20190518_ST,0159_AA34_42435_20190518_ST,Plate_7_ALT,B07,7_B07,CCTACGCCTCTA,,
0159_AA34_42436_20190628_ST,0159_AA34_42436_20190628_ST,Plate_7_ALT,C07,7_C07,CGACTCCAAGAT,,
0159_AA34_42437_20190622_ST,0159_AA34_42437_20190622_ST,Plate_7_ALT,D07,7_D07,GTTGGCATGGTT,,
0159_AA34_42438_20190621_ST,0159_AA34_42438_20190621_ST,Plate_7_ALT,E07,7_E07,TTGTAGCCTCAA,,
0159_AA34_42439_20190621_ST,0159_AA34_42439_20190621_ST,Plate_7_ALT,F07,7_F07,AGGTTTGCCAGT,,
0159_AA34_42441_20190629_ST,0159_AA34_42441_20190629_ST,Plate_7_ALT,G07,7_G07,CATATACTCGCA,,
0159_AA34_42443_20190710_ST,0159_AA34_42443_20190710_ST,Plate_7_ALT,H07,7_H07,GCTCGCTACTTC,,
0159_AA34_42444_20190706_ST,0159_AA34_42444_20190706_ST,Plate_7_ALT,A08,7_A08,GTCAAGAACCTC,,
0159_AA34_42445_20190716_ST,0159_AA34_42445_20190716_ST,Plate_7_ALT,B08,7_B08,TAACGGCGCTGA,,
0159_AA34_42446_20190715_ST,0159_AA34_42446_20190715_ST,Plate_7_ALT,C08,7_C08,AAGACCGGTGCT,,
0159_AA34_42447_20190725_ST,0159_AA34_42447_20190725_ST,Plate_7_ALT,D08,7_D08,ACTAGCTCCATA,,
0159_AA34_42448_20190731_ST,0159_AA34_42448_20190731_ST,Plate_7_ALT,E08,7_E08,TCCGGTTCCTAC,,
0159_AA34_42451_20190905_ST,0159_AA34_42451_20190905_ST,Plate_7_ALT,F08,7_F08,CAAGCTCTGATT,,
0159_AA34_42452_20190801_ST,0159_AA34_42452_20190801_ST,Plate_7_ALT,G08,7_G08,TTCGTTGTGGTA,,
0159_AA34_42453_20190809_ST,0159_AA34_42453_20190809_ST,Plate_7_ALT,H08,7_H08,TAGGGTCCGCAA,,
0159_AA34_42454_20190801_ST,0159_AA34_42454_20190801_ST,Plate_7_ALT,A09,7_A09,CAACCTTTACAG,,
0159_AA34_42455_20190812_ST,0159_AA34_42455_20190812_ST,Plate_7_ALT,B09,7_B09,GGAGTCGGTCTA,,
0159_AA34_42456_20190803_ST,0159_AA34_42456_20190803_ST,Plate_7_ALT,C09,7_C09,AGGCTGATTTGC,,
0159_AA34_42457_20190805_ST,0159_AA34_42457_20190805_ST,Plate_7_ALT,D09,7_D09,TGAAGAGGTAGT,,
0159_AA34_42460_20191014_ST,0159_AA34_42460_20191014_ST,Plate_7_ALT,E09,7_E09,TCTGCTAGATGT,,
0159_AA34_42461_20190814_ST,0159_AA34_42461_20190814_ST,Plate_7_ALT,F09,7_F09,GTGTCTACATTG,,
0159_AA34_42462_20190813_ST,0159_AA34_42462_20190813_ST,Plate_7_ALT,G09,7_G09,AACCGTTCCAGA,,
0159_AA34_42464_20191002_ST,0159_AA34_42464_20191002_ST,Plate_7_ALT,H09,7_H09,CCATGTTTCCGC,,
0159_AA34_42468_20190913_ST,0159_AA34_42468_20190913_ST,Plate_7_ALT,A10,7_A10,CTCAATGACTCA,,
0159_AA34_42470_20190830_ST,0159_AA34_42470_20190830_ST,Plate_7_ALT,B10,7_B10,GACAGCGTTGAC,,
0159_AA34_42471_20190830_ST,0159_AA34_42471_20190830_ST,Plate_7_ALT,C10,7_C10,GAGACAGCTTGC,,
0159_AA34_42473_20190830_ST,0159_AA34_42473_20190830_ST,Plate_7_ALT,D10,7_D10,TGGGTTATCATC,,
0159_AA34_42475_20190911_ST,0159_AA34_42475_20190911_ST,Plate_7_ALT,E10,7_E10,CTACAATGTCGG,,
0159_AA34_42476_20191015_ST,0159_AA34_42476_20191015_ST,Plate_7_ALT,F10,7_F10,AACGTATCGCCA,,
0159_AA34_42477_20190918_ST,0159_AA34_42477_20190918_ST,Plate_7_ALT,G10,7_G10,CCGAGGTAGTAC,,
0159_AA34_42478_20190916_ST,0159_AA34_42478_20190916_ST,Plate_7_ALT,H10,7_H10,CACACTAACGTT,,
0159_AA34_42480_20191103_ST,0159_AA34_42480_20191103_ST,Plate_7_ALT,A11,7_A11,TGAACTGCCGTA,,
0159_AA34_42481_20190918_ST,0159_AA34_42481_20190918_ST,Plate_7_ALT,B11,7_B11,ACACCCTCCTGT,,
0159_AA34_42485_20190917_ST,0159_AA34_42485_20190917_ST,Plate_7_ALT,C11,7_C11,TAATAGGCCGCT,,
0159_AA34_42487_20190921_ST,0159_AA34_42487_20190921_ST,Plate_7_ALT,D11,7_D11,TTATATTGGGCC,,
0159_AA34_42489_20190928_ST,0159_AA34_42489_20190928_ST,Plate_7_ALT,E11,7_E11,GAGCCTTACATG,,
0159_AA34_42490_20190926_ST,0159_AA34_42490_20190926_ST,Plate_7_ALT,F11,7_F11,CTATCGTAAGGC,,
0159_AA34_42492_20191121_ST,0159_AA34_42492_20191121_ST,Plate_7_ALT,G11,7_G11,GGTTAACAGGAA,,
0159_AA34_42496_20191018_ST,0159_AA34_42496_20191018_ST,Plate_7_ALT,H11,7_H11,GACTGTCATGCA,,
0159_AA34_42497_20191019_ST,0159_AA34_42497_20191019_ST,Plate_7_ALT,A12,7_A12,ACTCTTCTAGAG,,
0159_AA34_42501_20191207_ST,0159_AA34_42501_20191207_ST,Plate_7_ALT,B12,7_B12,GTTGACGACAGC,,
0159_AA34_42502_20191031_ST,0159_AA34_42502_20191031_ST,Plate_7_ALT,C12,7_C12,GGTAGTTGAAGA,,
0159_AA34_42504_20191031_ST,0159_AA34_42504_20191031_ST,Plate_7_ALT,D12,7_D12,CCTGTCATACAA,,
0000_2094_20200116,0000_2094_20200116,Plate_7_ALT,E12,7_E12,ACTTAGCTTGCA,,
0011_2095_20200116,0011_2095_20200116,Plate_7_ALT,F12,7_F12,AAGACACAGGTA,,
0001_2096_20191127,0001_2096_20191127,Plate_7_ALT,G12,7_G12,CCACTTGGATAG,,
0002_2097_20191127,0002_2097_20191127,Plate_7_ALT,H12,7_H12,GAAAGCGATTGA,,
0159_AA34_42506_20191107_ST,0159_AA34_42506_20191107_ST,Plate_6_ALT,A01,6_A01,CAGATTTCGGTG,,
0159_AA34_42507_20191110_ST,0159_AA34_42507_20191110_ST,Plate_6_ALT,B01,6_B01,CTGGGTACCATA,,
0159_AA34_42508_20191111_ST,0159_AA34_42508_20191111_ST,Plate_6_ALT,C01,6_C01,TGGTGTTGGTGT,,
0159_AA34_42509_20191204_ST,0159_AA34_42509_20191204_ST,Plate_6_ALT,D01,6_D01,TGCTCAGTATGT,,
0159_AA34_42513_20191124_ST,0159_AA34_42513_20191124_ST,Plate_6_ALT,E01,6_E01,ATGACTCATTCG,,
0159_AA34_42515_20191210_ST,0159_AA34_42515_20191210_ST,Plate_6_ALT,F01,6_F01,CTACTGATATCG,,
0159_AP39_21006_20171202_ST,0159_AP39_21006_20171202_ST,Plate_6_ALT,G01,6_G01,CCTGTATCCCGT,,
0159_AP39_21009_20171107_ST,0159_AP39_21009_20171107_ST,Plate_6_ALT,H01,6_H01,ACAAAGGCCCTG,,
0159_AP39_21021_20171021_ST,0159_AP39_21021_20171021_ST,Plate_6_ALT,A02,6_A02,AGTTCTACGTCA,,
0159_AP39_21044_20180525_ST,0159_AP39_21044_20180525_ST,Plate_6_ALT,B02,6_B02,TGTCAAGTCGTG,,
0159_AP39_21048_20180418_ST,0159_AP39_21048_20180418_ST,Plate_6_ALT,C02,6_C02,CCTATGTGATGG,,
0159_AP39_21051_20180109_ST,0159_AP39_21051_20180109_ST,Plate_6_ALT,D02,6_D02,CATAGTTTAGCC,,
0159_AP39_21052_20180510_ST,0159_AP39_21052_20180510_ST,Plate_6_ALT,E02,6_E02,ATTCTAGCGTTG,,
0159_AP39_21053_20180126_ST,0159_AP39_21053_20180126_ST,Plate_6_ALT,F02,6_F02,GCCTCCCTTATG,,
0159_AP39_21055_20180607_ST,0159_AP39_21055_20180607_ST,Plate_6_ALT,G02,6_G02,CTAGAGACTCTT,,
0159_AP39_21056_20180125_ST,0159_AP39_21056_20180125_ST,Plate_6_ALT,H02,6_H02,CGATATTCATCG,,
0159_AP39_21057_20180521_ST,0159_AP39_21057_20180521_ST,Plate_6_ALT,A03,6_A03,TAGCCGGCATAG,,
0159_AP39_21061_20180816_ST,0159_AP39_21061_20180816_ST,Plate_6_ALT,B03,6_B03,TAAGCCTCCAAG,,
0159_AP39_21062_20180306_ST,0159_AP39_21062_20180306_ST,Plate_6_ALT,C03,6_C03,TTCTCCGTGTCG,,
0159_AP39_21065_20180201_ST,0159_AP39_21065_20180201_ST,Plate_6_ALT,D03,6_D03,GGCTCTGCTCTT,,
0159_AP39_21069_20181105_ST,0159_AP39_21069_20181105_ST,Plate_6_ALT,E03,6_E03,ATGGGCTCTGAT,,
0159_AP39_21072_20180914_ST,0159_AP39_21072_20180914_ST,Plate_6_ALT,F03,6_F03,AGGAGTAACACA,,
0159_AP39_21076_20180429_ST,0159_AP39_21076_20180429_ST,Plate_6_ALT,G03,6_G03,ACCCATGACGGA,,
0159_AP39_21082_20180405_ST,0159_AP39_21082_20180405_ST,Plate_6_ALT,H03,6_H03,CCACTAATTGAC,,
0159_AP39_21083_20180113_ST,0159_AP39_21083_20180113_ST,Plate_6_ALT,A04,6_A04,CTCCCATACCAC,,
0159_AP39_21085_20180602_ST,0159_AP39_21085_20180602_ST,Plate_6_ALT,B04,6_B04,GTGGAACCACGT,,
0159_AP39_21086_20180503_ST,0159_AP39_21086_20180503_ST,Plate_6_ALT,C04,6_C04,TGTCATAGGTTC,,
0159_AP39_21087_20180228_ST,0159_AP39_21087_20180228_ST,Plate_6_ALT,D04,6_D04,CGTGATCTCTCC,,
0159_AP39_21088_20180323_ST,0159_AP39_21088_20180323_ST,Plate_6_ALT,E04,6_E04,TGGCTCTACAGA,,
0159_AP39_21090_20180504_ST,0159_AP39_21090_20180504_ST,Plate_6_ALT,F04,6_F04,ATTGCAGGTACC,,
0159_AP39_21093_20180310_ST,0159_AP39_21093_20180310_ST,Plate_6_ALT,G04,6_G04,CTGCATAGATCT,,
0159_AP39_21104_20180817_ST,0159_AP39_21104_20180817_ST,Plate_6_ALT,H04,6_H04,AGACTGCGTACT,,
0159_AP39_21108_20171121_ST,0159_AP39_21108_20171121_ST,Plate_6_ALT,A05,6_A05,TCGGTTGGTACA,,
0159_AP39_21109_20181018_ST,0159_AP39_21109_20181018_ST,Plate_6_ALT,B05,6_B05,CAGCAAAGCGTC,,
0159_AP39_21110_20190111_ST,0159_AP39_21110_20190111_ST,Plate_6_ALT,C05,6_C05,TATTACCGGCAT,,
0159_AP39_21111_20190126_ST,0159_AP39_21111_20190126_ST,Plate_6_ALT,D05,6_D05,TTCACGGGTTGA,,
0159_AP39_21113_20190110_ST,0159_AP39_21113_20190110_ST,Plate_6_ALT,E05,6_E05,ACCTAGAGTCGG,,
0159_AP39_21119_20181218_ST,0159_AP39_21119_20181218_ST,Plate_6_ALT,F05,6_F05,CCTTATAGGCGA,,
0159_AP39_21123_20171120_ST,0159_AP39_21123_20171120_ST,Plate_6_ALT,G05,6_G05,CTTGCCTTGTGC,,
0159_AP39_21124_20171116_ST,0159_AP39_21124_20171116_ST,Plate_6_ALT,H05,6_H05,GCAATAGCTGCT,,
0159_AP39_21127_20180218_ST,0159_AP39_21127_20180218_ST,Plate_6_ALT,A06,6_A06,ACCCTGTACCCT,,
0159_AP39_21128_20180209_ST,0159_AP39_21128_20180209_ST,Plate_6_ALT,B06,6_B06,TACAAACCCTGT,,
0159_AP39_21129_20180205_ST,0159_AP39_21129_20180205_ST,Plate_6_ALT,C06,6_C06,GTAGAGCTGTTC,,
0159_AP39_21131_20180213_ST,0159_AP39_21131_20180213_ST,Plate_6_ALT,D06,6_D06,CGTGTTTCAAAC,,
0159_AP39_21133_20180203_ST,0159_AP39_21133_20180203_ST,Plate_6_ALT,E06,6_E06,TGCTCGTAGGAT,,
0159_AP39_21134_20180212_ST,0159_AP39_21134_20180212_ST,Plate_6_ALT,F06,6_F06,GATAGTGCCACT,,
0159_AP39_21135_20180110_ST,0159_AP39_21135_20180110_ST,Plate_6_ALT,G06,6_G06,AAGTGTTTGCCG,,
0159_AP39_21137_20180210_ST,0159_AP39_21137_20180210_ST,Plate_6_ALT,H06,6_H06,GATCTATCCGAG,,
0159_AP39_21138_20180113_ST,0159_AP39_21138_20180113_ST,Plate_6_ALT,A07,6_A07,GATTAGCACTCT,,
0159_AP39_21140_20180130_ST,0159_AP39_21140_20180130_ST,Plate_6_ALT,B07,6_B07,GATCTCATAGGC,,
0159_AP39_21141_20180213_ST,0159_AP39_21141_20180213_ST,Plate_6_ALT,C07,6_C07,GGTATGACTCAC,,
0159_AP39_21142_20180131_ST,0159_AP39_21142_20180131_ST,Plate_6_ALT,D07,6_D07,ACCTGTCTCTCT,,
0159_AP39_21144_20180121_ST,0159_AP39_21144_20180121_ST,Plate_6_ALT,E07,6_E07,AGATTCGTTGTC,,
0159_AP39_21147_20180112_ST,0159_AP39_21147_20180112_ST,Plate_6_ALT,F07,6_F07,TCTATCGGGTTA,,
0159_AP39_21151_20180131_ST,0159_AP39_21151_20180131_ST,Plate_6_ALT,G07,6_G07,ACAGGAACTCGC,,
0159_AP39_21156_20180210_ST,0159_AP39_21156_20180210_ST,Plate_6_ALT,H07,6_H07,TCGTTTCGGGAA,,
0159_AP39_21157_20171211_ST,0159_AP39_21157_20171211_ST,Plate_6_ALT,A08,6_A08,ATAACCCGCCAA,,
0159_AP39_21169_20180220_ST,0159_AP39_21169_20180220_ST,Plate_6_ALT,B08,6_B08,GCCATAGGTTTG,,
0159_AP39_21170_20180412_ST,0159_AP39_21170_20180412_ST,Plate_6_ALT,C08,6_C08,CAGTAACGGCCA,,
0159_AP39_21172_20180201_ST,0159_AP39_21172_20180201_ST,Plate_6_ALT,D08,6_D08,ATGCACTGGCGA,,
0159_AP39_21174_20171212_ST,0159_AP39_21174_20171212_ST,Plate_6_ALT,E08,6_E08,GAGTCAACCGCA,,
0159_AP39_21175_20180310_ST,0159_AP39_21175_20180310_ST,Plate_6_ALT,F08,6_F08,ACGTTAGCACAC,,
0159_AP39_21177_20180111_ST,0159_AP39_21177_20180111_ST,Plate_6_ALT,G08,6_G08,GCCGATTCGGAA,,
0159_AP39_21181_20180215_ST,0159_AP39_21181_20180215_ST,Plate_6_ALT,H08,6_H08,GCGCTAAAGTTC,,
0159_AP39_21182_20171209_ST,0159_AP39_21182_20171209_ST,Plate_6_ALT,A09,6_A09,ATGACCATCGTG,,
0159_AP39_21185_20180121_ST,0159_AP39_21185_20180121_ST,Plate_6_ALT,B09,6_B09,GCCTTAAGCGAT,,
0159_AP39_21186_20180211_ST,0159_AP39_21186_20180211_ST,Plate_6_ALT,C09,6_C09,ATGGCAGCTCTA,,
0159_AP39_21191_20180122_ST,0159_AP39_21191_20180122_ST,Plate_6_ALT,D09,6_D09,AGAGTCCTGAGC,,
0159_AP39_21197_20180825_ST,0159_AP39_21197_20180825_ST,Plate_6_ALT,E09,6_E09,CCTTTCTTCTCA,,
0159_AP39_21198_20180807_ST,0159_AP39_21198_20180807_ST,Plate_6_ALT,F09,6_F09,GATTGCCGCAAG,,
0159_AP39_21199_20180410_ST,0159_AP39_21199_20180410_ST,Plate_6_ALT,G09,6_G09,TCTCACTAGGTA,,
0159_AP39_21200_20180318_ST,0159_AP39_21200_20180318_ST,Plate_6_ALT,H09,6_H09,GCCTTCTAAGGA,,
0159_AP39_21202_20180226_ST,0159_AP39_21202_20180226_ST,Plate_6_ALT,A10,6_A10,CGGATTGGTGAC,,
0159_AP39_21206_20180411_ST,0159_AP39_21206_20180411_ST,Plate_6_ALT,B10,6_B10,TCGTTGGATGGT,,
0159_AP39_21207_20180418_ST,0159_AP39_21207_20180418_ST,Plate_6_ALT,C10,6_C10,TTGCCACTAGAT,,
0159_AP39_21210_20180228_ST,0159_AP39_21210_20180228_ST,Plate_6_ALT,D10,6_D10,GCACCCAAAGTG,,
0159_AP39_21211_20171227_ST,0159_AP39_21211_20171227_ST,Plate_6_ALT,E10,6_E10,TCACAGATCCGA,,
0159_AP39_21232_20180924_ST,0159_AP39_21232_20180924_ST,Plate_6_ALT,F10,6_F10,CATCAAACCTCA,,
0159_AP39_21276_20190316_ST,0159_AP39_21276_20190316_ST,Plate_6_ALT,G10,6_G10,ACCACCAGAACG,,
0159_BB02_45000_20180208_ST,0159_BB02_45000_20180208_ST,Plate_6_ALT,H10,6_H10,TTGAAGTCCATC,,
0159_BB02_45001_20181029_ST,0159_BB02_45001_20181029_ST,Plate_6_ALT,A11,6_A11,CGTTTGTTAGTG,,
0159_BB02_45001_20190108_ST,0159_BB02_45001_20190108_ST,Plate_6_ALT,B11,6_B11,TCCTCCTATTGC,,
0159_BB02_45001_20190227_ST,0159_BB02_45001_20190227_ST,Plate_6_ALT,C11,6_C11,TCCCATTGAAGG,,
0159_BB02_45014_20191203_ST,0159_BB02_45014_20191203_ST,Plate_6_ALT,D11,6_D11,TGCCAGGCTAGA,,
0159_BB02_45001_20190502_ST,0159_BB02_45001_20190502_ST,Plate_6_ALT,E11,6_E11,TAGAGTACCGGC,,
0159_BB02_45014_20191006_ST,0159_BB02_45014_20191006_ST,Plate_6_ALT,F11,6_F11,TCGACCAGCAAT,,
0159_BB02_45014_20190625_ST,0159_BB02_45014_20190625_ST,Plate_6_ALT,G11,6_G11,AGAGGAGACCAA,,
0159_BB02_45001_20190821_ST,0159_BB02_45001_20190821_ST,Plate_6_ALT,H11,6_H11,CGAGGCTCAGTA,,
0000_2098_20200122,0000_2098_20200122,Plate_6_ALT,A12,6_A12,ATCTGCCTGGAA,,
0011_2099_20200122,0011_2099_20200122,Plate_6_ALT,B12,6_B12,AGTGACGTTCGG,,
0001_2100_20200124,0001_2100_20200124,Plate_6_ALT,C12,6_C12,CGATGTCGTCAA,,
0002_2101_20200124,0002_2101_20200124,Plate_6_ALT,H12,6_H12,ATAAGGCCTTCT,,
