sample_id	total	negative_regulation_of_snRNA_transcription_by_RNA_polymerase_II	Remaining
0159_AS41_40055_20180716_ST	174241359	0	174241359
0159_AP39_21110_20190111_ST	130999038	0	130999038
0159_AA34_42475_20190911_ST	111488220	0	111488220
0159_AA34_42480_20191103_ST	79089243	0	79089243
0159_AP39_21298_20181004_ST_E21	57892245	0	57892245
0159_AP39_21108_20171121_ST	49162387	0	49162387
0159_AK37_71062_20190607_ST	48167112	0	48167112
0159_AP39_21129_20180205_ST	43094386	0	43094386
0159_AP39_21301_20180706_ST_E21	41557720	0	41557720
0159_AK37_71054_20190305_ST	31353698	0	31353698
0159_AK37_71051_20190224_ST	30677676	0	30677676
0159_BC12_41010_20171203_ST	26329100	0	26329100
0159_AV42_66107_20190327_ST	25918625	0	25918625
0159_AP39_21295_20180811_ST_E21	23598601	0	23598601
0159_AB10_100710_20181001_ST	23465581	0	23465581
0159_AZ03_32019_20180325_ST	23266629	0	23266629
0159_AP39_21065_20180201_ST	23251625	0	23251625
0159_AK37_71050_20190313_ST	22908156	0	22908156
0159_AZ03_32013_20200922_ST	22364500	0	22364500
0159_AP39_21076_20180429_ST	21809905	0	21809905
0159_AP39_21119_20181218_ST	21571050	0	21571050
0159_AQ29_10022_20170920_ST	20764220	0	20764220
0159_AB10_26156_20180815_ST	19951859	0	19951859
0159_AZ03_32015_20201210_ST	19254643	0	19254643
0159_AP39_21090_20180504_ST	19033213	0	19033213
0159_AP39_21330_20190102_ST_E21	18485852	0	18485852
0159_AP39_21314_20180719_ST_E21	18445058	0	18445058
0159_AK37_71031_20180929_ST	18386521	0	18386521
0159_AK37_71048_20190125_ST	18023348	0	18023348
0159_AV42_66163_20190718_ST	17994071	0	17994071
0159_AK37_71023_20180813_ST	17833556	0	17833556
0159_AP39_21289_20190125_ST_E21	17725209	0	17725209
0159_AK37_71052_20190226_ST	17361335	0	17361335
0159_AP39_21282_20180907_ST_E21	17180440	0	17180440
0159_AZ03_32016_20180619_ST	17159390	0	17159390
0159_AK37_71024_20181010_ST	17003481	0	17003481
0159_AZ03_32057_20190910_ST	16713937	0	16713937
0159_AP39_21294_20181026_ST_E21	16210343	0	16210343
0159_AP39_21111_20190126_ST	15642062	0	15642062
0159_AP39_21220_20180215_ST_E21	15613916	0	15613916
0159_AP39_21311_20180613_ST_E21	15304949	0	15304949
0159_AQ11_10150_20181221_ST	15261943	0	15261943
0159_AZ03_32038_20181018_ST	15153857	0	15153857
0159_AP39_21368_20180504_ST_E21	14980858	0	14980858
0159_AK37_71066_20190709_ST	14686117	0	14686117
0159_AP39_21371_20180409_ST_E21	14644729	0	14644729
0159_AV42_66160_20190805_ST	14514933	0	14514933
0159_AP39_21231_20180727_ST_E21	14453496	0	14453496
0159_AQ11_10126_20181116_ST	14364886	0	14364886
0159_AZ03_32033_20180922_ST	14268874	0	14268874
0159_AB10_26288_20181210_ST	14040796	0	14040796
0159_AK37_71057_20190430_ST	13927355	0	13927355
0159_AP39_21215_20180801_ST_E21	13925779	0	13925779
0159_AY44_33022_20170915_ST	13898439	0	13898439
0159_AV42_66184_20190930_ST	13896244	0	13896244
0159_AP39_21086_20180503_ST	13882181	0	13882181
0159_AP39_21325_20180920_ST_E21	13870794	0	13870794
0159_AP39_21284_20190102_ST_E21	13759188	0	13759188
0159_AZ03_32051_20190819_ST	13692080	0	13692080
0159_AP39_21278_20180823_ST_E21	13683931	0	13683931
0159_AP39_21216_20180227_ST_E21	13534973	0	13534973
0159_AP39_21056_20180125_ST	13415072	0	13415072
0159_AP39_21141_20180213_ST	13287340	0	13287340
0159_BC12_41015_20171213_ST	13235486	0	13235486
0159_AP39_21310_20180719_ST_E21	13117571	0	13117571
0159_AZ03_32023_20180717_ST	12965349	0	12965349
0159_AP39_21331_20190102_ST_E21	12938281	0	12938281
0159_AA34_42476_20191015_ST	12799296	0	12799296
0159_AA34_42100_20180523_ST	12774147	0	12774147
0159_BB02_45014_20191203_ST	12693372	0	12693372
0159_AP39_21061_20180816_ST	12583931	0	12583931
0159_AP39_21407_20180911_ST_E21	12557001	0	12557001
0159_AQ29_10020_20170913_ST	12478391	0	12478391
0159_AY44_33160_20190423_ST	12441671	0	12441671
0159_AV42_66162_20190810_ST	12425518	0	12425518
0159_AP39_21317_20180801_ST_E21	12386349	0	12386349
0159_AB10_26038_20180403_ST	12351819	0	12351819
0159_AP39_21057_20180521_ST	12338532	0	12338532
0159_AP39_21224_20180730_ST_E21	12286507	0	12286507
0159_AB18_26455_20190227_ST	12157781	0	12157781
0159_AP39_21052_20180510_ST	12131286	0	12131286
0159_AB18_26347_20190211_ST	12119708	0	12119708
0159_AP39_21316_20180604_ST_E21	11989247	0	11989247
0159_AP39_21393_20180418_ST_E21	11942620	0	11942620
0159_AV42_66136_20190805_ST	11787430	0	11787430
0159_AP39_21302_20181004_ST_E21	11781775	0	11781775
0159_AK37_71072_20191003_ST	11764136	0	11764136
0159_AP39_21384_20180520_ST_E21	11744006	0	11744006
0159_AZ03_32027_20180806_ST	11740516	0	11740516
0159_AP39_21333_20181113_ST_E21	11687417	0	11687417
0159_AB18_26692_20200820_ST	11528103	0	11528103
0159_AQ11_10135_20190122_ST	11421929	0	11421929
0159_AZ03_32022_20201016_ST	11368815	0	11368815
0159_AB18_26457_20190318_ST	11361486	0	11361486
0159_AZ03_32065_20190126_ST	11293276	0	11293276
0159_AB18_26640_20200517_ST	11285747	0	11285747
0159_AP39_21246_20181017_ST_E21	11282241	0	11282241
0159_AZ03_32056_20190914_ST	11158712	0	11158712
0159_AP39_21321_20180731_ST_E21	11033223	0	11033223
0159_AA34_42451_20190905_ST	10980150	0	10980150
0159_AP39_21072_20180914_ST	10968513	0	10968513
0159_AP39_21350_20180306_ST_E21	10925006	0	10925006
0159_AZ03_32068_20190211_ST	10887230	0	10887230
0159_AK37_71065_20190705_ST	10861752	0	10861752
0159_AA34_42468_20190913_ST	10832921	0	10832921
0159_AQ29_10040_20171130_ST	10755115	0	10755115
0159_AZ03_32099_20200206_ST	10716455	0	10716455
0159_BB02_45001_20181029_ST	10561931	0	10561931
0159_AP39_21382_20180515_ST_E21	10531861	0	10531861
0159_AP39_21262_20120515_ST_E21	10518341	0	10518341
0159_AB18_26769_20200814_ST	10330926	0	10330926
0159_AV42_66143_20190516_ST	10071325	0	10071325
0159_AY44_33208_20190808_ST	10059185	0	10059185
0159_AP39_21225_20170910_ST_E21	10053026	0	10053026
0159_AZ03_32054_20190917_ST	10036742	0	10036742
0159_AP39_21087_20180228_ST	10022422	0	10022422
0159_AQ29_10051_20180123_ST	9986833	0	9986833
0159_AP39_21218_20180614_ST_E21	9879983	0	9879983
0159_AP39_21277_20180817_ST_E21	9832249	0	9832249
0159_AV42_66161_20190722_ST	9707264	0	9707264
0159_AZ03_32050_20190123_ST	9682794	0	9682794
0159_AP39_21109_20181018_ST	9630468	0	9630468
0159_AV42_66135_20190524_ST	9609822	0	9609822
0159_AB18_26832_20201028_ST	9550086	0	9550086
0159_AB18_26501_20190507_ST	9548530	0	9548530
0159_AP39_21337_20181107_ST_E21	9546657	0	9546657
0159_AQ29_10062_20180313_ST	9543070	0	9543070
0159_AQ29_10061_20180228_ST	9492717	0	9492717
0159_AZ03_32049_20190124_ST	9392609	0	9392609
0159_AZ03_32016_20180619_STLS	9389669	0	9389669
0159_AB18_100835_20190130_ST	9289175	0	9289175
0159_AQ29_10028_20171018_ST	9264592	0	9264592
0159_AZ03_32072_20190318_ST	9263386	0	9263386
0159_AB18_26829_20210204_ST	9254662	0	9254662
0159_AZ03_32034_20181015_ST	9247914	0	9247914
0159_AZ03_32005_20200930_ST	9185767	0	9185767
0159_AP39_21248_20181016_ST_E21	9153583	0	9153583
0159_AZ03_32029_20180906_ST	9136116	0	9136116
0159_AB10_26805_20210211_ST	9121268	0	9121268
0159_AB18_26824_20201203_ST	9110040	0	9110040
0159_AP39_21062_20180306_ST	9105290	0	9105290
0159_AA34_42413_20190513_ST	9081212	0	9081212
0159_AP39_21303_20180522_ST_E21	9080271	0	9080271
0159_AP39_21308_20180925_ST_E21	9053200	0	9053200
0159_AZ03_32087_20191111_ST	9044833	0	9044833
0159_AB18_26687_20200922_ST	9044362	0	9044362
0159_AP39_21287_20181015_ST_E21	9005218	0	9005218
0159_AP39_21365_20180226_ST_E21	9001049	0	9001049
0159_AA34_42398_20190408_ST	8998854	0	8998854
0159_AQ29_10050_20180111_ST	8995301	0	8995301
0159_AP39_21323_20180726_ST_E21	8948822	0	8948822
0159_AK37_71010_20180324_ST	8937985	0	8937985
0159_AB18_26752_20200508_ST	8913845	0	8913845
0159_AP39_21387_20180503_ST_E21	8911008	0	8911008
0159_AP39_21377_20180525_ST_E21	8904612	0	8904612
0159_AQ29_10058_20180228_ST	8899684	0	8899684
0159_AQ11_10065_20180315_ST	8889359	0	8889359
0159_AP39_21093_20180310_ST	8878321	0	8878321
0159_AB18_26664_20200731_ST	8763293	0	8763293
0159_AV42_66149_20190809_ST	8761743	0	8761743
0159_AB10_26071_20180518_ST	8746727	0	8746727
0159_AB18_100031_2019062_ST	8655325	0	8655325
0159_AP39_21082_20180405_ST	8572328	0	8572328
0159_AP39_21264_20180816_ST_E21	8553833	0	8553833
0159_AA34_42416_20190508_ST	8510918	0	8510918
0159_AZ03_32035_20181025_ST	8489016	0	8489016
0159_AV42_66190_20190924_ST	8488107	0	8488107
0159_AZ03_32001_20171108_ST	8443810	0	8443810
0159_AB18_26823_20210214_ST	8439580	0	8439580
0159_AP39_21069_20181105_ST	8426347	0	8426347
0159_AZ03_32044_20181207_ST	8425076	0	8425076
0159_AB18_26644_20200419_ST	8424109	0	8424109
0159_AP39_21351_20180313_ST_E21	8417150	0	8417150
0159_AZ03_32014_20180605_ST	8390596	0	8390596
0159_AB18_26737_20200831_ST	8367500	0	8367500
0159_AZ03_32004_20171027_ST	8360874	0	8360874
0159_AB18_26754_20201209_ST	8357912	0	8357912
0159_AB18_26552_20201105_ST	8316932	0	8316932
0159_AY44_33008_20170913_ST	8307873	0	8307873
0159_AA34_42464_20191002_ST	8295044	0	8295044
0159_AP39_21352_20180307_ST_E21	8291988	0	8291988
0159_AB18_26792_20210219_ST	8291944	0	8291944
0159_AZ03_32020_20180611_ST	8270590	0	8270590
0159_AB18_26703_20200728_ST	8260271	0	8260271
0159_AB10_26032_20180430_ST	8236714	0	8236714
0159_AP39_21318_20180613_ST_E21	8158511	0	8158511
0159_AB18_26407_20190125_ST	8136697	0	8136697
0159_AY44_33214_20190806_ST	8134329	0	8134329
0159_AZ03_32017_20180615_ST	8097889	0	8097889
0159_AB10_26746_20210311_ST	8085573	0	8085573
0159_AA34_42261_20181120_ST	8045814	0	8045814
0159_AZ03_32018_20180723_ST	8044185	0	8044185
0159_AP39_21395_20180504_ST_E21	7979131	0	7979131
0159_AB10_26760_20200925_ST	7963037	0	7963037
0159_AP39_21408_20180806_ST_E21	7961365	0	7961365
0159_AB18_26649_20200730_ST	7950161	0	7950161
0159_AB18_26828_20210129_ST	7886474	0	7886474
0159_AB10_26129_20181002_ST	7884591	0	7884591
0159_AA34_42446_20190715_ST	7881824	0	7881824
0159_AZ03_32055_20190830_ST	7849234	0	7849234
0159_AP39_21362_20180306_ST_E21	7842222	0	7842222
0159_AB10_26764_20201024_ST	7793152	0	7793152
0159_AB18_100983_20190227_ST	7791107	0	7791107
0159_AZ03_32019_20180325_STLS	7780732	0	7780732
0159_AB18_26433_20190318_ST	7773054	0	7773054
0159_AZ03_32071_20190315_ST	7752299	0	7752299
0159_AY44_33263_20191106_ST	7748498	0	7748498
0159_AB18_102734_20190123_ST	7740831	0	7740831
0159_AP39_21334_20181120_ST_E21	7699264	0	7699264
0159_AB18_26717_20201211_ST	7640177	0	7640177
0159_AP39_21307_20180730_ST_E21	7590244	0	7590244
0159_AB18_26823_20201001_ST	7586953	0	7586953
0159_AB10_26778_20210112_ST	7569828	0	7569828
0159_AP39_21369_20180329_ST_E21	7550168	0	7550168
0159_AV42_66197_20191014_ST	7528902	0	7528902
0159_AP39_21088_20180323_ST	7506894	0	7506894
0159_AB18_26678_20200321_ST	7503849	0	7503849
0159_AP39_21339_20181113_ST_E21	7489554	0	7489554
0159_AP39_21355_20180223_ST_E21	7456443	0	7456443
0159_AZ03_32003_20171013_ST	7437239	0	7437239
0159_AP39_21085_20180602_ST	7415818	0	7415818
0159_AZ03_32048_20190111_ST	7415432	0	7415432
0159_AP39_21336_20181130_ST_E21	7392087	0	7392087
0159_AB18_26717_20201005_ST	7376838	0	7376838
0159_AB10_26039_20180723_ST	7363922	0	7363922
0159_AB10_26390_20190116_ST	7352681	0	7352681
0159_AB18_26647_20210115_ST	7341292	0	7341292
0159_AB18_26426_20190328_ST	7334104	0	7334104
0159_AV42_66179_20190929_ST	7292431	0	7292431
0159_AB10_26740_20200927_ST	7258407	0	7258407
0159_AB18_26417_20190218_ST	7254604	0	7254604
0159_AZ03_32008_20180124_ST	7252551	0	7252551
0159_AA34_42409_20190428_ST	7242592	0	7242592
0159_AZ03_32032_20180919_ST	7228392	0	7228392
0159_AB18_26665_20200817_ST	7224859	0	7224859
0159_AB10_26745_20201112_ST	7213883	0	7213883
0159_AP39_21113_20190110_ST	7132876	0	7132876
0159_AB18_26714_20201224_ST	7107080	0	7107080
0159_AB18_26396_20190529_ST	7055365	0	7055365
0159_AZ03_32077_20190530_ST	7037930	0	7037930
0159_AZ03_32037_20201020_ST	7027428	0	7027428
0159_AB18_26444_20190227_ST	7022972	0	7022972
0159_AB18_30835_20201101_ST	7018801	0	7018801
0159_AZ03_32055_20190830_STLS	6998497	0	6998497
0159_AB18_26410_20190215_ST	6975847	0	6975847
0159_AY44_33043_20170926_ST	6960325	0	6960325
0159_AB18_30941_20200915_ST	6931568	0	6931568
0159_AY44_33148_20190508_ST	6921942	0	6921942
0159_AB18_26743_20201030_ST	6882835	0	6882835
0159_AB10_26748_20201110_ST	6862187	0	6862187
0159_AS41_40058_20180625_ST	6853058	0	6853058
0159_AP39_21290_20181113_ST_E21	6835711	0	6835711
0159_AV42_66212_20191007_ST	6824579	0	6824579
0159_AA34_42092_20180525_ST	6784942	0	6784942
0159_AP39_21685_20190116_ST	6761773	0	6761773
0159_AB18_26712_20200926_ST	6752152	0	6752152
0159_AV42_66200_20191011_ST	6743838	0	6743838
0159_AB18_26784_20201230_ST	6711465	0	6711465
0159_AB18_102958_20200826_ST	6670284	0	6670284
0159_AB10_26768_20200809_ST	6661063	0	6661063
0159_AB18_26755_20201020_ST	6648111	0	6648111
0159_AZ03_32028_20180808_ST	6637809	0	6637809
0159_AV42_66196_20191011_ST	6616783	0	6616783
0159_AB18_26691_20200831_ST	6613950	0	6613950
0159_AQ29_10078_20180508_ST	6588236	0	6588236
0159_AP39_21361_20180308_ST_E21	6576511	0	6576511
0159_AB18_26718_20200909_ST	6573484	0	6573484
0159_AQ29_10060_20180211_ST	6559255	0	6559255
0159_AA34_42150_20180907_ST	6553448	0	6553448
0159_AV42_66147_20190812_ST	6544535	0	6544535
0159_AZ03_32076_20190429_ST	6525038	0	6525038
0159_AA34_42438_20190621_ST	6523274	0	6523274
0159_AP39_21364_20180504_ST_E21	6496729	0	6496729
0159_AB10_26786_20210216_ST	6481692	0	6481692
0159_AB18_26705_20191018_ST	6477810	0	6477810
0159_AB18_26663_20200725_ST	6467539	0	6467539
0159_AB18_26646_20200815_ST	6433829	0	6433829
0159_AA34_42415_20190506_ST	6433335	0	6433335
0159_AY44_33005_20170925_ST	6406448	0	6406448
0159_AB18_106054_20190207_ST	6376971	0	6376971
0159_AA34_42406_20190430_ST	6374144	0	6374144
0159_AB18_26463_20190528_ST	6356777	0	6356777
0159_AA34_42470_20190830_ST	6353936	0	6353936
0159_AB18_26642_20200320_ST	6317657	0	6317657
0159_AP39_21213_20180420_ST_E21	6227192	0	6227192
0159_AB10_101848_20181004_ST	6221866	0	6221866
0159_AP39_21392_20180504_ST_E21	6205667	0	6205667
0159_AP39_21372_20180327_ST_E21	6165827	0	6165827
0159_AB18_26716_20200820_ST	6159350	0	6159350
0159_AQ29_10011_20170731_ST	6158665	0	6158665
0159_AY44_33007_20170914_ST	6143471	0	6143471
0159_AP39_21101_20171111_ST	6110832	0	6110832
0159_AZ03_32059_20190918_ST	6092992	0	6092992
0159_AB18_26741_20201114_ST	6089249	0	6089249
0159_AZ03_32060_20190920_ST	6065548	0	6065548
0159_AA34_42453_20190809_ST	6048678	0	6048678
0159_AB18_26560_20191009_ST	6045382	0	6045382
0159_AA34_42388_20190405_ST	6022336	0	6022336
0159_AP39_21359_20180323_ST_E21	5957553	0	5957553
0159_AB18_26723_20201110_ST	5941611	0	5941611
0159_AH05_15000_20171130_ST	5935905	0	5935905
0159_AB18_26497_20190718_ST	5914305	0	5914305
0159_AA34_42084_20180509_ST	5817981	0	5817981
0159_AB18_26776_20210113_ST	5817041	0	5817041
0159_AZ03_32024_20180718_ST	5814987	0	5814987
0159_AA34_42282_20181025_ST	5789756	0	5789756
0159_AQ29_10041_20171121_ST	5771373	0	5771373
0159_AP39_21083_20180113_ST	5763055	0	5763055
0159_AP39_21222_20180322_ST_E21	5762275	0	5762275
0159_AB18_26720_20210217_ST	5698173	0	5698173
0159_AP39_21221_20180301_ST_E21	5681670	0	5681670
0159_AK37_71056_20190611_ST	5664896	0	5664896
0159_AZ03_32083_20190809_ST	5664592	0	5664592
0159_AB18_26645_20200422_ST	5656360	0	5656360
0159_AV42_66213_20191004_ST	5620699	0	5620699
0159_AV42_66129_20190414_ST	5618983	0	5618983
0159_AB18_26415_20190218_ST	5588994	0	5588994
0159_AB10_26756_20201027_ST	5583926	0	5583926
0159_AB18_26425_20190206_ST	5565517	0	5565517
0159_AA34_42333_20190117_ST	5555108	0	5555108
0159_AP39_21261_20180629_ST_E21	5554571	0	5554571
0159_AP39_21021_20171021_ST	5547707	0	5547707
0159_AP39_21064_20171222_ST	5532252	0	5532252
0159_AB10_26739_20201029_ST	5519767	0	5519767
0159_AY44_33033_20171003_ST	5476593	0	5476593
0159_AA34_42437_20190622_ST	5469163	0	5469163
0159_AA34_42113_20180615_ST	5463640	0	5463640
0159_AP39_21413_20180813_ST_E21	5423996	0	5423996
0159_AB18_26520_20200917_ST	5410077	0	5410077
0159_AB18_26722_20201204_ST	5391450	0	5391450
0159_AB18_26715_20210225_ST	5349302	0	5349302
0159_AB10_26088_20180508_ST	5347155	0	5347155
0159_AB18_26453_20190218_ST	5336450	0	5336450
0159_AA34_42376_20190318_ST	5332664	0	5332664
0159_AA34_42477_20190918_ST	5329233	0	5329233
0159_AA34_42452_20190801_ST	5321390	0	5321390
0159_AB18_106720_20190226_ST	5302352	0	5302352
0159_AA34_42087_20180523_ST	5295957	0	5295957
0159_AQ29_10023_20170921_ST	5273010	0	5273010
0159_AY44_33013_20170917_ST	5269933	0	5269933
0159_AZ03_32040_20181023_ST	5216769	0	5216769
0159_AB18_26227_20190319_ST	5216159	0	5216159
0159_AB18_106508_20190812_ST	5202117	0	5202117
0159_AB18_26750_20201118_ST	5198255	0	5198255
0159_AB18_26686_20201114_ST	5157483	0	5157483
0159_AS41_40057_20180522_ST	5140748	0	5140748
0159_AP39_21123_20171120_ST	5086062	0	5086062
0159_AQ29_10012_20170725_ST	5083568	0	5083568
0159_AZ03_32047_20190415_ST	5080306	0	5080306
0159_AQ11_10068_20180330_ST	5076833	0	5076833
0159_AA34_42456_20190803_ST	5069580	0	5069580
0159_AZ03_32095_20191213_ST	5062044	0	5062044
0159_AB18_26327_20190627_ST	5043655	0	5043655
0159_AA34_42088_20180515_ST	5026084	0	5026084
0159_AB10_103255_20180917_ST	5023952	0	5023952
0159_AA34_42329_20190116_ST	5015562	0	5015562
0159_AP39_21260_20180615_ST_E21	5007872	0	5007872
0159_BA21_18000_20170917_ST	5007823	0	5007823
0159_AB18_26696_20200819_ST	5005451	0	5005451
0159_AB18_26728_20201124_ST	4996913	0	4996913
0159_AP39_21140_20180130_ST	4985591	0	4985591
0159_AA34_42242_20181111_ST	4972547	0	4972547
0159_AB18_26680_20200909_ST	4942722	0	4942722
0159_AP39_21383_20180515_ST_E21	4934022	0	4934022
0159_AB18_26767_20200812_ST	4931872	0	4931872
0159_AB18_26733_20210131_ST	4916230	0	4916230
0159_AP39_21053_20180126_ST	4898805	0	4898805
0159_AY44_33254_20191029_ST	4884735	0	4884735
0159_AA34_42239_20181129_ST	4880030	0	4880030
0159_AQ11_10121_20180922_ST	4863299	0	4863299
0159_AB10_26103_20180911_ST	4860763	0	4860763
0159_AA34_42485_20190917_ST	4854551	0	4854551
0159_AS41_40073_20190706_ST	4851274	0	4851274
0159_AB10_26735_20210107_ST	4844473	0	4844473
0159_AK37_71011_20180526_ST	4834417	0	4834417
0159_AZ03_32025_20200904_ST	4801909	0	4801909
0159_AQ29_10096_20180613_ST	4795690	0	4795690
0159_AQ11_10127_20181014_ST	4793814	0	4793814
0159_AA34_42106_20180813_ST	4790297	0	4790297
0159_AB10_101629_20180823_ST	4780202	0	4780202
0159_AK37_71053_20190325_ST	4773427	0	4773427
0159_AP39_21367_20180508_ST_E21	4760118	0	4760118
0159_AP39_21219_20180306_ST_E21	4759665	0	4759665
0159_AB18_100826_20190405_ST	4746207	0	4746207
0159_AB18_26825_20210211_ST	4716233	0	4716233
0159_AA34_42443_20190710_ST	4709859	0	4709859
0159_AP39_21055_20180607_ST	4705695	0	4705695
0159_AB18_26332_20190211_ST	4701494	0	4701494
0159_AZ03_32043_20181121_ST	4693831	0	4693831
0159_AP39_21174_20171212_ST	4682435	0	4682435
0159_AB18_26688_20201108_ST	4658757	0	4658757
0159_AY44_33193_20190808_ST	4632616	0	4632616
0159_AA34_42249_20181203_ST	4631601	0	4631601
0159_AY44_33171_20190508_ST	4626696	0	4626696
0159_AP39_21375_20181004_ST_E21	4610098	0	4610098
0159_AK37_71000_20180131_ST	4610092	0	4610092
0159_AY44_33315_20200121_ST	4609931	0	4609931
0159_AA34_42389_20190404_ST	4601776	0	4601776
0159_AB18_26725_20201214_ST	4584638	0	4584638
0159_AB18_26761_20201025_ST	4576192	0	4576192
0159_AC15_76009_20201211_ST	4571708	0	4571708
0159_AB18_26765_20200916_ST	4567380	0	4567380
0159_AB18_26367_20190211_ST	4548299	0	4548299
0159_AA34_42377_20190401_ST	4541997	0	4541997
0159_AP39_21363_20180308_ST_E21	4532542	0	4532542
0159_AB18_26446_20190227_ST	4530568	0	4530568
0159_AZ03_32078_20190616_ST	4506304	0	4506304
0159_AP39_21341_20181113_ST_E21	4483351	0	4483351
0159_AJ09_750052_20190916_ST	4482803	0	4482803
0159_AV42_66193_20191022_ST	4471832	0	4471832
0159_AB18_26774_20210205_ST	4470167	0	4470167
0159_AB10_26814_20210228_ST	4463975	0	4463975
0159_AB18_100015_20190205_ST	4419289	0	4419289
0159_AP39_21554_20181009_ST	4395072	0	4395072
0159_AA34_42181_20180726_ST	4376099	0	4376099
0159_AZ03_32089_20191030_ST	4375241	0	4375241
0159_AP39_21051_20180109_ST	4366842	0	4366842
0159_AV42_66194_20191012_ST	4363289	0	4363289
0159_AV42_66139_20190626_ST	4342016	0	4342016
0159_AY44_33044_20170923_ST	4341268	0	4341268
0159_AZ03_32096_20191217_ST	4296743	0	4296743
0159_AP39_21124_20171116_ST	4295944	0	4295944
0159_AY44_33066_20171009_ST	4252583	0	4252583
0159_AB10_26762_20200915_ST	4240911	0	4240911
0159_AB18_26650_20210105_ST	4210856	0	4210856
0159_AA34_42457_20190805_ST	4191716	0	4191716
0159_AQ29_10097_20180616_ST	4180764	0	4180764
0159_AY44_33253_20190927_ST	4168892	0	4168892
0159_AB18_103302_2019060_ST	4168022	0	4168022
0159_AP39_21042_20171130_ST	4161358	0	4161358
0159_AK37_71033_20180815_ST	4156849	0	4156849
0159_AV42_66175_20190824_ST	4148252	0	4148252
0159_AP39_21346_20180823_ST_E21	4122248	0	4122248
0159_AB10_26613_20200804_ST	4120382	0	4120382
0159_AA34_42268_20181004_ST	4108842	0	4108842
0159_AQ11_10134_20190208_ST	4067389	0	4067389
0159_AK37_71029_20180917_ST	4050970	0	4050970
0159_AB18_26450_20190306_ST	4046677	0	4046677
0159_AV42_66211_20191005_ST	4042449	0	4042449
0159_AP39_21385_20180417_ST_E21	4031561	0	4031561
0159_AB10_26346_20190107_ST	4030957	0	4030957
0159_AC15_76039_20201015_ST	4021559	0	4021559
0159_AA34_42119_201800806_ST	4010091	0	4010091
0159_AV42_66137_20190706_ST	4006161	0	4006161
0159_AP39_21379_20180515_ST_E21	4001759	0	4001759
0159_AB10_26742_20200826_ST	3973242	0	3973242
0159_AA34_42314_20190102_ST	3970090	0	3970090
0159_AB18_26785_20210206_ST	3961423	0	3961423
0159_AA34_42169_20190716_ST	3950321	0	3950321
0159_AH05_15004_20171209_ST	3943032	0	3943032
0159_AV42_66169_20190814_ST	3933065	0	3933065
0159_AB18_26637_20200411_ST	3921343	0	3921343
0159_AY44_33289_20191216_ST	3908432	0	3908432
0159_AY44_33002_20170915_ST	3894253	0	3894253
0159_AB10_26116_20180922_ST	3892256	0	3892256
0159_AB10_26295_20181017_ST	3852721	0	3852721
0159_AP39_21134_20180212_ST	3852158	0	3852158
0159_AP39_21032_20171214_ST	3819323	0	3819323
0159_AA34_42094_20180523_ST	3814589	0	3814589
0159_AA34_42411_20190504_ST	3804752	0	3804752
0159_AP39_21401_20180607_ST_E21	3778489	0	3778489
0159_AA34_42257_20181004_ST	3770016	0	3770016
0159_AB18_26507_20190724_ST	3769919	0	3769919
0159_AA34_42435_20190518_ST	3735192	0	3735192
0159_AA34_42281_20181017_ST	3722222	0	3722222
0159_AJ09_750041_20190718_ST	3712172	0	3712172
0159_AQ29_10043_20171205_ST	3695873	0	3695873
0159_AP39_21386_20180320_ST_E21	3691665	0	3691665
0159_AQ29_10137_20190311_ST	3663542	0	3663542
0159_AB18_26815_20201210_ST	3660299	0	3660299
0159_AQ29_10066_20180313_ST	3623651	0	3623651
0159_AQ29_10079_20180418_ST	3618829	0	3618829
0159_AB18_30120_20190320_ST	3615306	0	3615306
0159_AY44_33270_20191025_ST	3605141	0	3605141
0159_AZ03_32092_20191205_ST	3603026	0	3603026
0159_AA34_42175_20180807_ST	3592993	0	3592993
0159_AZ03_32026_20180802_ST	3583669	0	3583669
0159_AY44_33181_20190529_ST	3583048	0	3583048
0159_AA34_42427_20190604_ST	3581500	0	3581500
0159_AQ29_10070_20180328_ST	3555720	0	3555720
0159_AP39_21388_20180307_ST_E21	3542996	0	3542996
0159_AQ29_10122_20180925_ST	3541544	0	3541544
0159_AP39_21366_20180409_ST_E21	3492634	0	3492634
0159_AA34_42089_20180515_ST	3488188	0	3488188
0159_AQ29_10105_20180712_ST	3478498	0	3478498
0159_AB18_26491_20190502_ST	3472509	0	3472509
0159_BA21_18007_20171111_ST	3445268	0	3445268
0159_AB18_26633_20191009_ST	3444256	0	3444256
0159_AK37_71027_00/00/00_ST	3428541	0	3428541
0159_AS41_40093_20191022_ST	3422399	0	3422399
0159_AZ03_32068_20190211_STLS	3397677	0	3397677
0159_AB10_26016_20180423_ST	3384648	0	3384648
0159_AZ03_32016_20180619_STHS	3375767	0	3375767
0159_AA34_42003_20180313_ST	3373812	0	3373812
0159_AA34_42131_20190211_ST	3370407	0	3370407
0159_AQ29_10145_20190623_ST	3359861	0	3359861
0159_AB18_26442_20190220_ST	3341463	0	3341463
0159_AY44_33251_20191023_ST	3340638	0	3340638
0159_AA34_42132_20190220_ST	3338207	0	3338207
0159_AB18_100901_20190301_ST	3324730	0	3324730
0159_AY44_33014_20171028_ST	3321780	0	3321780
0159_AA34_42167_20190116_ST	3316691	0	3316691
0159_AA34_42098_20180531_ST	3305325	0	3305325
0159_AK37_71022_20180922_ST	3269955	0	3269955
0159_AY44_33042_20170924_ST	3269181	0	3269181
0159_AY44_33038_20170923_ST	3263429	0	3263429
0159_AB18_26819_20210307_ST	3260220	0	3260220
0159_AQ29_10031_20171026_ST	3256320	0	3256320
0159_AQ22_10403_20170906_ST	3249120	0	3249120
0159_AK37_71032_20180824_ST	3234933	0	3234933
0159_AY44_33310_20200114_ST	3228790	0	3228790
0159_AP39_21009_20171107_ST	3222998	0	3222998
0159_AB18_100772_20190909_ST	3178171	0	3178171
0159_AQ11_10133_20181210_ST	3164629	0	3164629
0159_AB18_26387_20190207_ST	3156105	0	3156105
0159_AB18_26541_20190911_ST	3143097	0	3143097
0159_AB18_100802_20190911_ST	3139420	0	3139420
0159_AA34_42497_20191019_ST	3136971	0	3136971
0159_AB18_103908_20190628_ST	3125230	0	3125230
0159_AY44_33046_20171003_ST	3112919	0	3112919
0159_AC15_76048_20201027_ST	3109130	0	3109130
0159_AA34_42168_20190116_ST	3108550	0	3108550
0159_AB10_26109_20180907_ST	3106290	0	3106290
0159_AZ03_32086_20191018_ST	3096584	0	3096584
0159_AA34_42177_20180806_ST	3090368	0	3090368
0159_AY44_33000_20171025_ST	3088764	0	3088764
0159_AB18_26458_20190312_ST	3068596	0	3068596
0159_AP39_21380_20180330_ST_E21	3067327	0	3067327
0159_AH05_15001_20171211_ST	3056902	0	3056902
0159_AB10_26216_20180827_ST	3009732	0	3009732
0159_AQ29_10017_20170918_ST	3001949	0	3001949
0159_AY44_33019_20170913_ST	2997732	0	2997732
0159_AA34_42129_20190318_ST	2985034	0	2985034
0159_AA34_42439_20190621_ST	2983575	0	2983575
0159_AQ29_10001_20170619_ST	2972469	0	2972469
0159_AB10_26355_20190211_ST	2971301	0	2971301
0159_AB18_26337_20190206_ST	2953829	0	2953829
0159_AB10_103180_20180801_ST	2947891	0	2947891
0159_AP39_21406_20180531_ST_E21	2943525	0	2943525
0159_AA34_42318_20190102_ST	2939657	0	2939657
0159_AP39_21020_20171127_ST	2937181	0	2937181
0159_AB18_30364_20190723_ST	2925496	0	2925496
0159_AA34_42165_20180723_ST	2918847	0	2918847
0159_AB10_26152_20180803_ST	2875436	0	2875436
0159_AB10_26220_20180907_ST	2869052	0	2869052
0159_AP39_21104_20180817_ST	2863945	0	2863945
0159_AQ22_10445_20191107_ST	2853841	0	2853841
0159_AZ03_32062_20191002_ST	2843207	0	2843207
0159_AA34_42436_20190628_ST	2840418	0	2840418
0159_AP39_21447_20180809_ST_E21	2825100	0	2825100
0159_AA34_42143_20180613_ST	2821354	0	2821354
0159_AY44_33244_20191018_ST	2819365	0	2819365
0159_AQ29_10111_20180816_ST	2815018	0	2815018
0159_AK37_71067_20190831_ST	2795794	0	2795794
0159_AK37_71028_20180917_ST	2795635	0	2795635
0159_AY44_33309_20200130_ST	2791577	0	2791577
0159_AB10_103179_20180717_ST	2789959	0	2789959
0159_AB18_26423_20190311_ST	2785379	0	2785379
0159_AV42_66185_20190913_ST	2783152	0	2783152
0159_AY44_33242_20191007_ST	2780786	0	2780786
0159_AA34_42111_20180531_ST	2774020	0	2774020
0159_AB10_26504_20190520_ST	2771561	0	2771561
0159_AA34_42250_20180920_ST	2758467	0	2758467
0159_AY44_33001_20170915_ST	2756823	0	2756823
0159_BA21_18028_20180102_ST	2753628	0	2753628
0159_AB10_26205_20181105_ST	2752625	0	2752625
0159_AZ03_32087_20191111_STLS	2739361	0	2739361
0159_AJ09_750054_20191020_ST	2734195	0	2734195
0159_AB18_26428_20190409_ST	2732287	0	2732287
0159_AA34_42455_20190812_ST	2718597	0	2718597
0159_AA34_42097_20180525_ST	2699752	0	2699752
0159_AP39_21389_20180425_ST_E21	2690211	0	2690211
0159_AB18_100660_20190502_ST	2688229	0	2688229
0159_BE31_82027_20191115_ST	2686570	0	2686570
0159_AB10_26204_20180827_ST	2671910	0	2671910
0159_AA34_42083_20180504_ST	2671740	0	2671740
0159_AB10_26010_20180604_ST	2669930	0	2669930
0159_AY44_33047_20170930_ST	2626485	0	2626485
0159_AY44_33295_20200114_ST	2619570	0	2619570
0159_AB18_105395_20190806_ST	2618929	0	2618929
0159_AY44_33246_20191002_ST	2608045	0	2608045
0159_AQ11_10129_20181025_ST	2598644	0	2598644
0159_AB18_26416_20190419_ST	2588254	0	2588254
0159_AB10_26047_20180425_ST	2557355	0	2557355
0159_AB18_26625_20191024_ST	2539381	0	2539381
0159_AY44_33006_20170914_ST	2534957	0	2534957
0159_AB18_100782_20190724_ST	2525666	0	2525666
0159_AB10_103853_20180919_ST	2524340	0	2524340
0159_AP39_21414_20180831_ST_E21	2512689	0	2512689
0159_AB18_26484_20191018_ST	2511639	0	2511639
0159_AY44_33273_20191111_ST	2504614	0	2504614
0159_AK37_71001_20180227_ST	2500025	0	2500025
0159_AA34_42501_20191207_ST	2490544	0	2490544
0159_AA34_42172_20190116_ST	2467940	0	2467940
0159_AY44_33011_20171005_ST	2459273	0	2459273
0159_AY44_33313_20200205_ST	2446502	0	2446502
0159_AA34_42127_20190206_ST	2439533	0	2439533
0159_AK37_71038_20181007_ST	2435629	0	2435629
0159_AJ09_750012_20190215_ST	2433190	0	2433190
0159_AQ29_10000_20170613_ST	2409094	0	2409094
0159_AB10_26199_20181001_ST	2403232	0	2403232
0159_AQ29_10021_20170912_ST	2388181	0	2388181
0159_AB10_30154_20181102_ST	2387599	0	2387599
0159_AA34_42246_20180801_ST	2382694	0	2382694
0159_AA34_42433_20190617_ST	2371086	0	2371086
0159_AB10_26133_20180725_ST	2358957	0	2358957
0159_AA34_42139_201900301_ST	2342798	0	2342798
0159_AQ29_10103_20180714_ST	2338072	0	2338072
0159_AQ29_10116_20180903_ST	2334236	0	2334236
0159_AJ09_750049_20191008_ST	2332218	0	2332218
0159_AA34_42273_20190102_ST	2324634	0	2324634
0159_AA34_42366_20190305_ST	2324475	0	2324475
0159_AB18_100724_20190318_ST	2320367	0	2320367
0159_AJ09_750044_20190805_ST	2314106	0	2314106
0159_AA34_42256_20180919_ST	2304716	0	2304716
0159_AY44_33278_20191106_ST	2294038	0	2294038
0159_AS41_40075_20190608_ST	2293955	0	2293955
0159_AB10_101123_20190227_ST	2289992	0	2289992
0159_AB18_26710_20201214_ST	2281340	0	2281340
0159_AQ11_10132_20181031_ST	2267487	0	2267487
0159_AA34_42445_20190716_ST	2264228	0	2264228
0159_AK37_71002_20180215_ST	2261945	0	2261945
0159_AB10_103815_20181107_ST	2259037	0	2259037
0159_AB10_26380_20190313_ST	2258550	0	2258550
0159_AK37_71005_20180413_ST	2242024	0	2242024
0159_AY44_33025_20170915_ST	2241949	0	2241949
0159_AA34_42394_20190415_ST	2223965	0	2223965
0159_AB10_30009_20190408_ST	2218096	0	2218096
0159_AB18_26464_20190916_ST	2208775	0	2208775
0159_AP39_21358_20180320_ST_E21	2207940	0	2207940
0159_AQ29_10130_20181021_ST	2196866	0	2196866
0159_AY44_33274_20191126_ST	2188662	0	2188662
0159_AJ09_760030_20190822_ST	2183948	0	2183948
0159_AB10_26154_20181106_ST	2171037	0	2171037
0159_AA34_42212_201800907_ST	2170221	0	2170221
0159_AB10_26131_20180920_ST	2133068	0	2133068
0159_AY44_33255_20191018_ST	2131253	0	2131253
0159_AJ09_750014_20191031_ST	2121964	0	2121964
0159_AV42_66141_20190731_ST	2121350	0	2121350
0159_AA34_42108_20180523_ST	2112356	0	2112356
0159_AK37_71030_20181005_ST	2071982	0	2071982
0159_AA34_42258_20181005_ST	2070438	0	2070438
0159_AV42_66166_20190824_ST	2064627	0	2064627
0159_AN08_59000_20171012_ST	2058705	0	2058705
0159_AN08_59001_20171018_ST	2055007	0	2055007
0159_AP39_21147_20180112_ST	2049573	0	2049573
0159_AJ09_750038_20191031_ST	2046112	0	2046112
0159_AQ29_10083_20180506_ST	2042407	0	2042407
0159_AB10_26040_20180417_ST	2039433	0	2039433
0159_AJ09_750002_20190916_ST	2037328	0	2037328
0159_AZ03_32017_20180615_STLS	2029493	0	2029493
0159_AQ22_10415_20190605_ST	2014470	0	2014470
0159_AB10_26348_20190115_ST	2007296	0	2007296
0159_AZ03_32087_20191111_STHS	2006198	0	2006198
0159_AB18_26592_20191024_ST	1997984	0	1997984
0159_AZ03_32085_20191015_ST	1980689	0	1980689
0159_AB10_26135_20180925_ST	1977314	0	1977314
0159_AB10_103277_20190425_ST	1974412	0	1974412
0159_AQ22_10417_20190329_ST	1970226	0	1970226
0159_AA34_42448_20190731_ST	1968245	0	1968245
0159_AB18_26547_20190821_ST	1960585	0	1960585
0159_AB18_26476_20190924_ST	1957374	0	1957374
0159_AS41_40099_20191031_ST	1949726	0	1949726
0159_AV42_66168_20190824_ST	1947831	0	1947831
0159_AJ09_750050_20190815_ST	1943259	0	1943259
0159_AZ03_32012_20180518_ST	1941495	0	1941495
0159_AZ03_32000_20171102_ST	1927870	0	1927870
0159_AY44_33087_20171115_ST	1923766	0	1923766
0159_AA34_42114_20180813_ST	1913781	0	1913781
0159_AQ29_10015_20170822_ST	1913299	0	1913299
0159_AK37_71039_20181023_ST	1911945	0	1911945
0159_AY44_33308_20200110_ST	1898544	0	1898544
0159_AQ22_10420_20190823_ST	1892826	0	1892826
0159_AJ09_750027_20191001_ST	1881345	0	1881345
0159_AJ09_750004_20190922_ST	1872824	0	1872824
0159_AY44_33259_20191007_ST	1870696	0	1870696
0159_AZ03_32079_20190619_ST	1859889	0	1859889
0159_AV42_66192_20191019_ST	1852860	0	1852860
0159_AY44_33037_20171009_ST	1844237	0	1844237
0159_AP39_21156_20180210_ST	1839568	0	1839568
0159_AB18_101080_20190909_ST	1833738	0	1833738
0159_AB18_30304_20191002_ST	1832785	0	1832785
0159_AZ03_32017_20180615_STHS	1832327	0	1832327
0159_AY44_33028_20170919_ST	1829647	0	1829647
0159_AB10_26147_20181010_ST	1820191	0	1820191
0159_AK37_71047_20190117_ST	1815851	0	1815851
0159_AK37_71073_20200105_ST	1811327	0	1811327
0159_AA34_42471_20190830_ST	1804547	0	1804547
0159_AA34_42151_20180907_ST	1802298	0	1802298
0159_AJ09_750041_20191126_ST	1801283	0	1801283
0159_AB10_26175_20181010_ST	1800062	0	1800062
0159_AP39_21127_20180218_ST	1799924	0	1799924
0159_AV42_66144_20190909_ST	1792268	0	1792268
0159_AY44_33086_20171029_ST	1779079	0	1779079
0159_AB10_103832_20190306_ST	1768156	0	1768156
0159_AB10_26069_20180516_ST	1763919	0	1763919
0159_AZ03_32018_20180723_STLS	1761467	0	1761467
0159_AB18_2646_20190328_ST	1753136	0	1753136
0159_AQ22_10401_20171013_ST	1752822	0	1752822
0159_AY44_33303_20200127_ST	1743545	0	1743545
0159_AA34_42461_20190814_ST	1735381	0	1735381
0159_AY44_33282_20191127_ST	1730456	0	1730456
0159_AZ03_32098_20200124_ST	1725269	0	1725269
0159_AB10_26201_20180917_ST	1712073	0	1712073
0159_AK37_71040_20181106_ST	1707601	0	1707601
0159_AZ03_32084_20190614_ST	1706846	0	1706846
0159_AB10_26024_20180430_ST	1704077	0	1704077
0159_AP39_21137_20180210_ST	1698217	0	1698217
0159_AB10_101812_20190109_ST	1687860	0	1687860
0159_AY44_33265_20191106_ST	1686648	0	1686648
0159_AA34_42197_20180809_ST	1685224	0	1685224
0159_AY44_33283_20191212_ST	1679114	0	1679114
0159_AS41_40100_20191102_ST	1672483	0	1672483
0159_AJ09_750026_20191016_ST	1672338	0	1672338
0159_AQ29_10004_20170630_ST	1669798	0	1669798
0159_BE31_82021_20191230_ST	1657963	0	1657963
0159_AY44_33280_20191213_ST	1654543	0	1654543
0159_AY44_33159_20190508_ST	1652288	0	1652288
0159_AP39_21402_20180611_ST_E21	1635347	0	1635347
0159_AP39_21699_20180811_ST	1634687	0	1634687
0159_AB10_26008_20180410_ST	1634092	0	1634092
0159_AA34_42489_20190928_ST	1633293	0	1633293
0159_AB10_26254_20181210_ST	1630215	0	1630215
0159_AN38_59010_20180102_ST	1626628	0	1626628
0159_AY44_33261_20191002_ST	1624461	0	1624461
0159_AB10_103250_20181203_ST	1619300	0	1619300
0159_AP39_21144_20180121_ST	1618834	0	1618834
0159_AP39_21133_20180203_ST	1608115	0	1608115
0159_AB18_105120_20191018_ST	1606522	0	1606522
0159_AB10_26406_20190116_ST	1606123	0	1606123
0159_AB10_26269_20181101_ST	1606049	0	1606049
0159_AY44_33305_20200110_ST	1593602	0	1593602
0159_AJ09_760049_20191008_ST	1581197	0	1581197
0159_AP39_21010_20171118_ST	1567893	0	1567893
0159_AY44_33285_20191118_ST	1561450	0	1561450
0159_AS41_40087_20190717_ST	1545632	0	1545632
0159_AA34_42183_20180730_ST	1544716	0	1544716
0159_AQ29_10077_20180415_ST	1539934	0	1539934
0159_AJ09_750044_20191116_ST	1536348	0	1536348
0159_AV42_66170_20190905_ST	1525000	0	1525000
0159_AP39_21356_20180515_ST_E21	1524643	0	1524643
0159_AJ09_750005_20190925_ST	1520789	0	1520789
0159_AZ03_32052_20190827_STHS	1518716	0	1518716
0159_AZ03_32054_20190917_STLS	1518713	0	1518713
0159_AA34_42487_20190921_ST	1514595	0	1514595
0159_AZ03_32093_20191209_ST	1504048	0	1504048
0159_AY44_33272_20191114_ST	1498277	0	1498277
0159_AB10_101585_20180920_ST	1498090	0	1498090
0159_AS41_40071_20190501_ST	1492109	0	1492109
0159_AP39_21014_20171107_ST	1487599	0	1487599
0159_AP39_21131_20180213_ST	1482548	0	1482548
0159_AA34_42460_20191014_ST	1479750	0	1479750
0159_AP39_21403_20180907_ST_E21	1463052	0	1463052
0159_AB10_26137_20180827_ST	1452465	0	1452465
0159_AP39_21167_20171214_ST	1449636	0	1449636
0159_AP39_21033_20171106_ST	1445951	0	1445951
0159_AK37_71037_20181003_ST	1426602	0	1426602
0159_AZ03_32051_20190819_STHS	1425451	0	1425451
0159_AB10_26420_20190311_ST	1423082	0	1423082
0159_AB10_26298_20181218_ST	1420272	0	1420272
0159_AQ29_10042_20171130_ST	1418754	0	1418754
0159_AQ29_10104_20180715_ST	1414224	0	1414224
0159_AP39_21027_20171120_ST	1409714	0	1409714
0159_AS41_40088_20191004_ST	1407157	0	1407157
0159_AB10_26267_20190116_ST	1402750	0	1402750
0159_AP39_21040_20171006_ST	1399885	0	1399885
0159_AB10_26118_20180813_ST	1379135	0	1379135
0159_AK37_71041_20181122_ST	1376364	0	1376364
0159_AY44_33252_20190930_ST	1375754	0	1375754
0159_AK37_71012_20180504_ST	1369496	0	1369496
0159_BC12_41004_20171127_ST	1368344	0	1368344
0159_AY44_33260_20191106_ST	1367865	0	1367865
0159_AP39_21210_20180228_ST	1359005	0	1359005
0159_AA34_42423_20190503_ST	1349706	0	1349706
0159_AA34_42117_20180619_ST	1331847	0	1331847
0159_AB10_100707_20181102_ST	1330783	0	1330783
0159_AA34_42146_20180730_ST	1314625	0	1314625
0159_AY44_33186_20190530_ST	1306867	0	1306867
0159_AB10_106685_20190116_ST	1303449	0	1303449
0159_BC12_41001_20171018_ST	1300088	0	1300088
0159_AK37_71025_20181010_ST	1296422	0	1296422
0159_BA21_18022_20171205_ST	1284789	0	1284789
0159_AZ03_32051_20190819_STLS	1283692	0	1283692
0159_AA34_42090_20180515_ST	1283223	0	1283223
0159_AZ03_32018_20180723_STHS	1276215	0	1276215
0159_AQ29_10072_20180330_ST	1275551	0	1275551
0159_AB10_101383_20190318_ST	1245349	0	1245349
0159_AZ03_32052_20190827_STLS	1244511	0	1244511
0159_AA34_42492_20191121_ST	1240669	0	1240669
0159_AA34_42295_20181127_ST	1233524	0	1233524
0159_AQ29_10142_20190319_ST	1229416	0	1229416
0159_AQ22_10435_20191009_ST	1214477	0	1214477
0159_AA34_42236_20181116_ST	1206265	0	1206265
0159_AZ03_32055_20190830_STHS	1203916	0	1203916
0159_AY44_33271_20191119_ST	1202783	0	1202783
0159_AB10_26721_20201210_ST	1199466	0	1199466
0159_AB18_26436_20191018_ST	1195515	0	1195515
0159_AB18_26471_20190911_ST	1190330	0	1190330
0159_AA34_42504_20191031_ST	1179662	0	1179662
0159_AV42_66207_20190915_ST	1178818	0	1178818
0159_AN38_59050_20181119_ST	1175637	0	1175637
0159_BE31_82033_20191106_ST	1175014	0	1175014
0159_AB10_26036_20180417_ST	1175006	0	1175006
0159_AQ29_10088_20180605_ST	1173112	0	1173112
0159_AJ09_750030_20190922_ST	1168566	0	1168566
0159_AQ29_10093_20180612_ST	1165687	0	1165687
0159_AK37_71069_20190718_ST	1155913	0	1155913
0159_AY44_33281_20191203_ST	1136252	0	1136252
0159_AQ29_10084_20180505_ST	1134646	0	1134646
0159_AB10_26098_20180626_ST	1128908	0	1128908
0159_AB18_102750_20191024_ST	1126562	0	1126562
0159_AQ29_10047_20180102_ST	1123443	0	1123443
0159_AA34_42441_20190629_ST	1116678	0	1116678
0159_AB10_26364_20190311_ST	1101448	0	1101448
0159_BE31_82028_20191226_ST	1100482	0	1100482
0159_AB10_100722_20190318_ST	1094546	0	1094546
0159_AB10_26213_20181121_ST	1089182	0	1089182
0159_AQ29_10057_20180226_ST	1088791	0	1088791
0159_AY44_33026_20171014_ST	1084742	0	1084742
0159_AZ03_32054_20190917_STHS	1074438	0	1074438
0159_AB10_26296_20190103_ST	1070070	0	1070070
0159_AB18_26832_20210112_ST	1070000	0	1070000
0159_AB10_26151_20180725_ST	1069476	0	1069476
0159_AB10_26080_20180706_ST	1061997	0	1061997
0159_AB10_26064_20180516_ST	1046152	0	1046152
0159_AB10_103281_20180518_ST	1045570	0	1045570
0159_AA34_42157_20180706_ST	1039069	0	1039069
0159_AK37_71026_20180902_ST	1036160	0	1036160
0159_AA34_42292_20181127_ST	1021463	0	1021463
0159_AA34_42255_20180920_ST	1014298	0	1014298
0159_AK37_71064_20190705_ST	996805	0	996805
0159_BE31_82031_20200116_ST	992379	0	992379
0159_AB18_101695_20191018_ST	990572	0	990572
0159_AQ29_10074_20180405_ST	986347	0	986347
0159_AJ09_750060_20191112_ST	981427	0	981427
0159_AK37_71070_20190824_ST	979397	0	979397
0159_AB10_30135_20181217_ST	978828	0	978828
0159_AB10_26303_20190125_ST	965658	0	965658
0159_AA34_42403_20190422_ST	959223.999999999	0	959223.999999999
0159_AV42_66154_20190902_ST	955340	0	955340
0159_AA34_42122_20180605_ST	953292	0	953292
0159_AA34_42294_20181129_ST	951006	0	951006
0159_AP39_21099_20171122_ST	948546	0	948546
0159_AV42_66140_20190602_ST	945275	0	945275
0159_AQ29_10081_20180424_ST	939912	0	939912
0159_AA34_42372_20190318_ST	936779	0	936779
0159_AB18_26636_20191029_ST	932558	0	932558
0159_AP39_21037_20171123_ST	930654	0	930654
0159_AV42_66180_20190913_ST	929365	0	929365
0159_AQ22_10402_20180123_ST	927668	0	927668
0159_AQ29_10076_20180501_ST	926771	0	926771
0159_AY44_33293_20191206_ST	916252	0	916252
0159_AQ29_10002_20170630_ST	912260	0	912260
0159_AA34_42103_20180813_ST	908343	0	908343
0159_AJ09_750035_20191010_ST	903667	0	903667
0159_AQ29_10118_20180912_ST	895543	0	895543
0159_AA34_42288_20181031_ST	894057	0	894057
0159_AQ29_10025_20171011_ST	893492	0	893492
0159_AY44_33039_20170920_ST	892877	0	892877
0159_AA34_42184_20180725_ST	890156	0	890156
0159_AB10_103292_20190425_ST	879316	0	879316
0159_AB18_26429_20190327_ST	874053	0	874053
0159_AA34_42203_20180814_ST	872639	0	872639
0159_BE31_82028_20200116_ST	871916	0	871916
0159_AS41_40102_20191114_ST	871126	0	871126
0159_AB10_26264_20181015_ST	870698	0	870698
0159_AQ22_10442_20191101_ST	866691	0	866691
0159_AY44_33030_20170915_ST	864032	0	864032
0159_AY44_33257_20191029_ST	863679	0	863679
0159_BE31_82025_20200108_ST	859781	0	859781
0159_AB10_26304_20190107_ST	854250	0	854250
0159_AN38_59011_20171127_ST	831492	0	831492
0159_BE31_82021_20191121_ST	828618	0	828618
0159_AB10_26007_20180504_ST	825471	0	825471
0159_AN08_59020_20180815_ST	823008	0	823008
0159_AQ22_10413_20190523_ST	822650	0	822650
0159_AB10_100704_20181210_ST	820608	0	820608
0159_AA34_42272_20181010_ST	810001	0	810001
0159_BA21_18014_20171018_ST	807111	0	807111
0159_BA21_18017_20171206_ST	799592	0	799592
0159_AQ29_10095_20180619_ST	795116	0	795116
0159_AY44_33041_20170920_ST	788652	0	788652
0159_BC45_41009_20171103_ST	786306	0	786306
0159_AA34_42462_20190813_ST	776962	0	776962
0159_AB10_26454_20190330_ST	762176	0	762176
0159_AZ03_32073_20190317_ST	760799	0	760799
0159_AB10_26273_20190318_ST	756593	0	756593
0159_AQ22_10409_20190506_ST	754236	0	754236
0159_AS41_40097_20191022_ST	753994	0	753994
0159_AP39_21198_20180807_ST	752585	0	752585
0159_AY44_33021_20170916_ST	751328	0	751328
0159_AA34_42378_20190328_ST	743099	0	743099
0159_AA34_42216_201800907_ST	742173	0	742173
0159_AP39_21128_20180209_ST	741282	0	741282
0159_AP39_21138_20180113_ST	735968	0	735968
0159_AP39_21041_20171002_ST	730063	0	730063
0159_AS41_40065_20190328_ST	724583	0	724583
0159_AA34_42422_20190602_ST	723392	0	723392
0159_AQ29_10152_20190819_ST	717089	0	717089
0159_AB10_101445_20190131_ST	708068	0	708068
0159_AA34_42247_20181112_ST	706049	0	706049
0159_AA34_42086_20180514_ST	700778	0	700778
0159_AQ29_10139_20190306_ST	697425	0	697425
0159_AA34_42332_20190117_ST	697016	0	697016
0159_AB10_26157_20180911_ST	697004	0	697004
0159_AB10_26050_20180504_ST	696877	0	696877
0159_AB10_103154_20190107_ST	695825	0	695825
0159_AQ22_10422_20191101_ST	695679	0	695679
0159_AA34_42400_20190423_ST	694052	0	694052
0159_BE31_82018_20191205_ST	693078	0	693078
0159_AS41_40089_20190724_ST	691544	0	691544
0159_AA34_42227_201801105_ST	690002	0	690002
0159_AB10_26270_20181205_ST	689049	0	689049
0159_AA34_42245_20181108_ST	687986	0	687986
0159_AA34_42085_20180717_ST	686961	0	686961
0159_AA34_42303_20181205_ST	682110	0	682110
0159_AY44_33004_20170919_ST	679411	0	679411
0159_AN08_59012_20180123_ST	678922	0	678922
0159_AA34_42513_20191124_ST	675913	0	675913
0159_AQ29_10101_20180627_ST	673778	0	673778
0159_AA34_42407_20190423_ST	672678	0	672678
0159_BE31_82029_20200116_ST	660677	0	660677
0159_AY44_33083_20171115_ST	657835	0	657835
0159_AN08_59008_20171127_ST	657695	0	657695
0159_AA34_42148_20180706_ST	652926	0	652926
0159_AB10_26400_20190109_ST	652842	0	652842
0159_AJ09_750053_20190928_ST	652653	0	652653
0159_AS41_40101_20191130_ST	650198	0	650198
0159_AB10_26358_20190206_ST	648245	0	648245
0159_AN38_59047_20181017_ST	648005	0	648005
0159_AS41_40068_20190430_ST	646644	0	646644
0159_AS41_40081_20190607_ST	637782	0	637782
0159_AQ29_10082_20180427_ST	629890	0	629890
0159_AP39_21049_20171023_ST	628483	0	628483
0159_AS41_40086_20190715_ST	625901	0	625901
0159_AA34_42187_20180809_ST	619430	0	619430
0159_AQ29_10154_20190905_ST	611554	0	611554
0159_AY44_33003_20170914_ST	608223	0	608223
0159_BE31_82024_20200115_ST	607962	0	607962
0159_AQ29_10153_20190917_ST	603082	0	603082
0159_AA34_42158_20180730_ST	601728	0	601728
0159_AJ09_750016_20191104_ST	596002	0	596002
0159_BE31_82033_20200108_ST	595012	0	595012
0159_AB10_26067_20180712_ST	592989	0	592989
0159_AB10_26424_20190227_ST	589410	0	589410
0159_AQ29_10128_20181028_ST	587328	0	587328
0159_AY44_33061_20171010_ST	582078	0	582078
0159_AA34_42382_20190404_ST	581963	0	581963
0159_AP39_21034_20171102_ST	578887	0	578887
0159_BE31_82024_20191218_ST	578087	0	578087
0159_AA34_42297_20190116_ST	559877	0	559877
0159_AP39_21135_20180110_ST	557521	0	557521
0159_BE31_82031_20191218_ST	557497	0	557497
0159_AN08_59019_20180314_ST	555924	0	555924
0159_AQ29_10034_20171121_ST	555238	0	555238
0159_AQ29_10141_20190315_ST	548413	0	548413
0159_AB10_26013_20180411_ST	545345	0	545345
0159_AY44_33027_20170919_ST	544098	0	544098
0159_AP39_21202_20180226_ST	539651	0	539651
0159_AB10_26503_20190502_ST	536526	0	536526
0159_AA34_42387_20190408_ST	535818	0	535818
0159_AP39_21102_20180117_ST	533969	0	533969
0159_AB10_26084_2018069_ST	531273	0	531273
0159_AB10_26381_20190424_ST	529069	0	529069
0159_BA21_18021_20171130_ST	526614	0	526614
0159_BD46_77002_20190112_ST	525894	0	525894
0159_AS41_40084_20190710_ST	521451	0	521451
0159_BE31_82028_20191119_ST	515001	0	515001
0159_AA34_42401_20190425_ST	511350	0	511350
0159_AP39_21211_20171227_ST	506216	0	506216
0159_AY44_33230_20191018_ST	506022	0	506022
0159_AS41_40072_20190422_ST	501540	0	501540
0159_AY44_33173_20190222_ST	501305	0	501305
0159_AQ29_10102_20180706_ST	498797	0	498797
0159_AB10_26341_20190102_ST	495645	0	495645
0159_AQ29_10148_20190612_ST	495575	0	495575
0159_AP39_21136_20171209_ST	495207	0	495207
0159_AA34_42213_201800907_ST	493342	0	493342
0159_AB18_26494_20190507_ST	479184	0	479184
0159_AN08_59017_20180313_ST	476116	0	476116
0159_AP39_21019_20171025_ST	475985	0	475985
0159_AA34_42430_20190612_ST	471377	0	471377
0159_AA34_42210_201800907_ST	460024	0	460024
0159_AA34_42274_20181011_ST	458324	0	458324
0159_AQ22_10449_20191027_ST	452938	0	452938
0159_AQ29_10048_20190328_ST	452854	0	452854
0159_AA34_42211_201800917_ST	452627	0	452627
0159_AJ09_750055_20191025_ST	452336	0	452336
0159_AN08_59004_20171116_ST	449122	0	449122
0159_AB10_26221_20180907_ST	447436	0	447436
0159_AQ22_10430_20191121_ST	447350	0	447350
0159_BE31_82035_20191112_ST	446552	0	446552
0159_AN38_59031_20180806_ST	444414	0	444414
0159_BE31_82030_20200104_ST	441328	0	441328
0159_AZ03_32068_20190211_STHS	441208	0	441208
0159_AS41_40063_20190320_ST	439501	0	439501
0159_AA34_42173_20181025_ST	436864	0	436864
0159_AP39_21151_20180131_ST	433776	0	433776
0159_BC25_41017_20171214_ST	430307	0	430307
0159_AJ09_760026_20191009_ST	428783	0	428783
0159_AB10_26076_20180705_ST	424767	0	424767
0159_AY44_33288_20191212_ST	420288	0	420288
0159_AQ29_10108_20180725_ST	418188	0	418188
0159_BE31_82023_20200102_ST	417794	0	417794
0159_AP39_21106_20171115_ST	411538	0	411538
0159_AP39_21557_20181015_ST	411389	0	411389
0159_AV42_66210_20191015_ST	410716	0	410716
0159_AA34_42104_20180813_ST	409141	0	409141
0159_AA34_42496_20191018_ST	404050	0	404050
0159_BC12_41006_20171116_ST	400748	0	400748
0159_BE31_82018_20200107_ST	398311	0	398311
0159_BA21_18005_20171227_ST	395776	0	395776
0159_BA21_18019_20171025_ST	390127	0	390127
0159_AS41_40085_20190714_ST	389524	0	389524
0159_AS41_40006_20171201_ST	387221	0	387221
0159_AN08_59036_20180806_ST	386381	0	386381
0159_BE31_82019_20191113_ST	384840	0	384840
0159_AA34_42171_20180723_ST	383449	0	383449
0159_AB10_26500_20190513_ST	383234	0	383234
0159_BC12_41014_20171212_ST	377363	0	377363
0159_AB18_26649_20201122_ST	377211	0	377211
0159_AP39_21006_20171202_ST	375212	0	375212
0159_AQ29_10036_20171109_ST	363502	0	363502
0159_AQ29_10151_20190808_ST	362216	0	362216
0159_AP39_21094_20171202_ST	359189	0	359189
0159_AJ09_750032_20191127_ST	358534	0	358534
0159_AP39_21044_20180525_ST	356465	0	356465
0159_AQ29_10114_20180911_ST	352800	0	352800
0159_AP39_21192_20171215_ST	350004	0	350004
0159_AA34_42218_201800920_ST	348254	0	348254
0159_AA34_42198_20180814_ST	343226	0	343226
0159_AN08_59002_20171024_ST	337283	0	337283
0159_AN38_59034_20180724_ST	333302	0	333302
0159_AQ22_10404_20190511_ST	331835	0	331835
0159_AA34_42417_20190518_ST	331493	0	331493
0159_AB18_26403_20190305_ST	331041	0	331041
0159_AA34_42220_201801015_ST	330713	0	330713
0159_AQ29_10140_20190314_ST	327342	0	327342
0159_AN08_59006_20171127_ST	326785	0	326785
0159_AN08_59005_20171121_ST	325085	0	325085
0159_AQ29_10033_20171115_ST	323338	0	323338
0159_BE31_82027_20191217_ST	322049	0	322049
0159_AJ09_750037_20191118_ST	321621	0	321621
0159_AY44_33056_20171004_ST	321029	0	321029
0159_AS41_40002_20171204_ST	320387	0	320387
0159_AA34_42397_20190419_ST	320099	0	320099
0159_AA34_42375_20190318_ST	318417	0	318417
0159_AQ11_10038_20171110_ST	316676	0	316676
0159_AY44_33034_20170915_ST	314380	0	314380
0159_AB10_26460_20190429_ST	313278	0	313278
0159_AB18_101736_20191009_ST	312190	0	312190
0159_AQ29_10037_20171116_ST	309827	0	309827
0159_AA34_42306_20181205_ST	307719	0	307719
0159_AN08_59040_20180827_ST	305796	0	305796
0159_AN08_59046_20181107_ST	297644	0	297644
0159_AY44_33063_20171010_ST	297384	0	297384
0159_AA34_42190_20181015_ST	295777	0	295777
0159_AQ22_10423_20190826_ST	294560	0	294560
0159_AA34_42325_20190102_ST	292468	0	292468
0159_AQ22_10408_20190725_ST	291841	0	291841
0159_AA34_42005_20180409_ST	289854	0	289854
0159_BE31_82023_20191203_ST	289576	0	289576
0159_AN08_59013_20180205_ST	289109	0	289109
0159_AY44_33029_20170925_ST	288155	0	288155
0159_AA34_42302_20181203_ST	288074	0	288074
0159_AA34_42133_20190227_ST	281913	0	281913
0159_AY44_33092_20171127_ST	280917	0	280917
0159_AA34_42285_20181015_ST	279132	0	279132
0159_BE31_82035_20200110_ST	275983	0	275983
0159_AP39_21016_20171117_ST	274644	0	274644
0159_AQ29_10138_20190208_ST	271412	0	271412
0159_AB10_26271_20190304_ST	266331	0	266331
0159_BE31_82018_20191106_ST	265959	0	265959
0159_AP39_21105_20171117_ST	264976	0	264976
0159_AA34_42502_20191031_ST	264934	0	264934
0159_AP39_21011_20171025_ST	259231	0	259231
0159_AA34_42149_20180619_ST	258061	0	258061
0159_AP39_21103_20171121_ST	257326	0	257326
0159_AQ22_10405_20190522_ST	256275	0	256275
0159_BA21_18002_20170929_ST	253993	0	253993
0159_AN08_59037_20180806_ST	249804	0	249804
0159_AF13_79000_20190220_ST	249589	0	249589
0159_AA34_42405_20190425_ST	249272	0	249272
0159_AQ29_10014_20170828_ST	248505	0	248505
0159_AQ22_10437_20191001_ST	247060	0	247060
0159_AY44_33017_20170921_ST	245588	0	245588
0159_AQ29_10044_20171212_ST	244063	0	244063
0159_AP39_21084_20171121_ST	243606	0	243606
0159_AP39_21146_20171214_ST	241040	0	241040
0159_AS41_40011_20180102_ST	240108	0	240108
0159_AB10_101564_20190227_ST	239855	0	239855
0159_AB10_26379_20190116_ST	238539	0	238539
0159_BE31_82027_20200115_ST	238501	0	238501
0159_BE31_82018_20191107_ST	235995	0	235995
0159_AJ09_750067_20191202_ST	233894	0	233894
0159_AY44_33058_20171008_ST	233627	0	233627
0159_AQ29_10008_20170712_ST	232901	0	232901
0159_AN08_59016_20180410_ST	231918	0	231918
0159_AH05_15003_20171207_ST	230276	0	230276
0159_AP39_21031_20171208_ST	228692	0	228692
0159_AP39_21172_20180201_ST	227290	0	227290
0159_AP39_21039_20171025_ST	224118	0	224118
0159_BE31_82023_20200120_ST	222526	0	222526
0159_AQ22_10428_20190912_ST	217669	0	217669
0159_AQ29_10149_20190729_ST	216312	0	216312
0159_AY44_33070_20171016_ST	214139	0	214139
0159_AA34_42304_201812213_ST	213607	0	213607
0159_AQ29_10030_20171008_ST	212222	0	212222
0159_AP39_21450_20180907_ST	212083	0	212083
0159_AY44_33298_20200114_ST	209963	0	209963
0159_AQ22_10448_20191125_ST	206142	0	206142
0159_AP39_21159_20171202_ST	201214	0	201214
0159_AN38_59055_20190227_ST	199496	0	199496
0159_AY44_33048_20170924_ST	198959	0	198959
0159_AA34_42231_20181203_ST	197915	0	197915
0159_AP39_21181_20180215_ST	197226	0	197226
0159_BD46_77021_20190227_ST	192375	0	192375
0159_BA21_18015_20710113_ST	190916	0	190916
0159_AA34_42238_20181126_ST	190912	0	190912
0159_AG26_66000_20171207_ST	190416	0	190416
0159_AN08_59042_20190102_ST	188874	0	188874
0159_AA34_42260_201800927_ST	185703	0	185703
0159_AY44_33277_20191212_ST	183826	0	183826
0159_AA34_42208_20180907_ST	182420	0	182420
0159_AA34_42222_201800920_ST	182178	0	182178
0159_BA21_18023_20180102_ST	181748	0	181748
0159_AA34_42186_20180806_ST	180415	0	180415
0159_AA34_42454_20190801_ST	176441	0	176441
0159_AP39_21142_20180131_ST	172290	0	172290
0159_BD46_77051_20190920_ST	170952	0	170952
0159_BD46_77070_20191018_ST	169883	0	169883
0159_BA21_18006_20171110_ST	169514	0	169514
0159_AY44_33052_20171004_ST	169365	0	169365
0159_AN08_59022_20180323_ST	169303	0	169303
0159_AA34_42269_20181008_ST	162997	0	162997
0159_AK37_71075_20200119_ST	162895	0	162895
0159_AQ29_10024_20170928_ST	162263	0	162263
0159_BD46_77026_20181027_ST	161497	0	161497
0159_AQ22_10429_20190622_ST	160041	0	160041
0159_BB02_45014_20190625_ST	159288	0	159288
0159_BD46_77001_20190606_ST	158658	0	158658
0159_BE31_82025_20191107_ST	158379	0	158379
0159_AP39_21059_20171128_ST	158088	0	158088
0159_AS41_40091_20190918_ST	155504	0	155504
0159_AP39_21026_20171017_ST	152822	0	152822
0159_AQ22_10427_20190802_ST	151088	0	151088
0159_AP39_21600_20181107_ST	150297	0	150297
0159_BE31_82024_20191122_ST	149706	0	149706
0159_AA34_42217_201800907_ST	146998	0	146998
0159_BC25_41007_20171117_ST	144866	0	144866
0159_AQ22_10443_20191029_ST	144735	0	144735
0159_AA34_42031_20180409_ST	143108	0	143108
0159_BD46_77038_20191111_ST	142575	0	142575
0159_BD46_77004_20190215_ST	142537	0	142537
0159_BD46_77037_20190607_ST	139396	0	139396
0159_AP39_21043_20171031_ST	137398	0	137398
0159_AQ22_10436_20191029_ST	136508	0	136508
0159_BE31_82032_20200109_ST	134997	0	134997
0159_BE31_82022_20191219_ST	133621	0	133621
0159_AQ22_10421_20190914_ST	133244	0	133244
0159_AA34_42195_20180809_ST	132697	0	132697
0159_AS41_40005_20171202_ST	132018	0	132018
0159_AQ22_10446_20191111_ST	131045	0	131045
0159_AN08_59018_20180329_ST	129619	0	129619
0159_AY44_33062_20171010_ST	129249	0	129249
0159_AN08_59024_20180515_ST	128620	0	128620
0159_AA34_42283_20181102_ST	127951	0	127951
0159_AP39_21154_20171212_ST	126963	0	126963
0159_AQ22_10434_20191008_ST	126584	0	126584
0159_AN08_59007_20180102_ST	124988	0	124988
0159_AP39_21199_20180410_ST	124499	0	124499
0159_AQ29_10143_20190417_ST	124440	0	124440
0159_AA34_42362_20190305_ST	122346	0	122346
0159_AS41_40003_20171129_ST	121586	0	121586
0159_AF13_79000_20190102_ST	117742	0	117742
0159_AQ22_10432_20191013_ST	117155	0	117155
0159_AA34_42007_20180420_ST	116715	0	116715
0159_BC12_41016_20171220_ST	115152	0	115152
0159_AN08_59025_20180515_ST	113778	0	113778
0159_BC25_41011_20171120_ST	112623	0	112623
0159_AA34_42301_20181213_ST	111971	0	111971
0159_AP39_21182_20171209_ST	110437	0	110437
0159_AQ22_10464_20191127_ST	107202	0	107202
0159_AA34_42038_20180920_ST	106047	0	106047
0159_AJ09_760032_20191126_ST	104527	0	104527
0159_AB10_26326_20190318_ST	104232	0	104232
0159_AA34_42013_20180321_ST	104104	0	104104
0159_AQ29_10035_20171107_ST	103018	0	103018
0159_AY44_33109_20180920_ST	102785	0	102785
0159_AQ29_10146_20190621_ST	100887	0	100887
0159_AF13_79001_20181127_ST	99569	0	99569
0159_AB10_26354_20190116_ST	99525	0	99525
0159_BA21_18016_20171020_ST	99516	0	99516
0159_AP39_21551_20180917_ST	99456	0	99456
0159_AS41_40000_20171201_ST	97174	0	97174
0159_AA34_42219_201801017_ST	96088	0	96088
0159_AZ03_32011_20180226_ST	95325	0	95325
0159_AA34_42402_20190425_ST	93497	0	93497
0159_AA34_42412_20190424_ST	93093	0	93093
0159_AA34_42432_20190702_ST	93056	0	93056
0159_AY44_33167_20190301_ST	92376	0	92376
0159_AA34_42424_20190529_ST	90751	0	90751
0159_AQ22_10441_20191101_ST	90324	0	90324
0159_AP39_21191_20180122_ST	89924	0	89924
0159_AQ22_10426_20190802_ST	89684	0	89684
0159_AS41_40070_20190424_ST	89401	0	89401
0159_AN08_59029_20180525_ST	89241	0	89241
0159_BA21_18004_20171027_ST	87433	0	87433
0159_BD46_77022_20190218_ST	87070	0	87070
0159_AN38_59052_20190117_ST	86793	0	86793
0159_AJ09_760035_20191205_ST	86565	0	86565
0159_AA34_42057_20180419_ST	86257	0	86257
0159_AA34_42363_20190301_ST	85354	0	85354
0159_AA34_42380_20190401_ST	84594	0	84594
0159_AP39_21017_20171111_ST	82121	0	82121
0159_AA34_42218_201801121_ST	81913	0	81913
0159_AA34_42174_20180806_ST	80532	0	80532
0159_BD46_77020_20190318_ST	80124	0	80124
0159_AP39_21423_20181004_ST	79973	0	79973
0159_AA34_42370_20190322_ST	79516	0	79516
0159_AA34_42078_20180523_ST	79482	0	79482
0159_AA34_42368_20190312_ST	79387	0	79387
0159_AP39_21045_20171020_ST	78409	0	78409
0159_AP39_21035_20171026_ST	77148	0	77148
0159_AN08_59058_20190320_ST	75903	0	75903
0159_BB02_45014_20191006_ST	75691	0	75691
0159_AA34_42101_20180611_ST	73620	0	73620
0159_AA34_42365_20190318_ST	72680	0	72680
0159_AA34_42385_20190401_ST	72353	0	72353
0159_AP39_21206_20180411_ST	71785	0	71785
0159_AY44_33015_20170917_ST	71561	0	71561
0159_AA34_42135_20190211_ST	71091	0	71091
0159_AA34_42200_20180817_ST	71005	0	71005
0159_BD46_77007_20191005_ST	70538	0	70538
0159_AY44_33108_20180918_ST	70344	0	70344
0159_AA34_42414_20190612_ST	70159	0	70159
0159_BD46_77023_20190108_ST	69984	0	69984
0159_AQ22_10431_20190930_ST	69849	0	69849
0159_AN08_59043_20181017_ST	69782	0	69782
0159_AP39_21047_20171127_ST	69496	0	69496
0159_AN38_59030_20180605_ST	69118	0	69118
0159_AA34_42025_20180402_ST	69066	0	69066
0159_AA34_42014_20180323_ST	68881	0	68881
0159_AQ22_10468_20200128_ST	68843	0	68843
0159_AP39_21197_20180825_ST	68496	0	68496
0159_AF13_79003_20181213_ST	67839	0	67839
0159_BE31_82030_20191202_ST	67678	0	67678
0159_AP39_21002_20171217_ST	67298	0	67298
0159_AA34_42070_20180503_ST	66855	0	66855
0159_AN38_59044_20181004_ST	65688	0	65688
0159_AA34_42202_20180814_ST	65238	0	65238
0159_AF13_79004_20181217_ST	65226	0	65226
0159_BE31_82025_20191211_ST	65156	0	65156
0159_AP39_21705_20181119_ST	64252	0	64252
0159_AA34_42425_20190602_ST	64021	0	64021
0159_AA34_42011_20180315_ST	63005	0	63005
0159_AN08_59054_20190320_ST	59708	0	59708
0159_AA34_42223_201800920_ST	58117	0	58117
0159_AN08_59028_20180410_ST	58104	0	58104
0159_BE31_82032_20191215_ST	57757	0	57757
0159_AP39_21186_20180211_ST	56757	0	56757
0159_AY44_33142_20190301_ST	56571	0	56571
0159_AA34_42481_20190918_ST	56408	0	56408
0159_BE31_82029_20191213_ST	55619	0	55619
0159_AQ22_10439_20190928_ST	55424	0	55424
0159_AA34_42384_20190328_ST	53466	0	53466
0159_AP39_21048_20180418_ST	52692	0	52692
0159_AB10_26402_20190125_ST	52482	0	52482
0159_BB02_45000_20180208_ST	51242	0	51242
0159_AY44_33071_20171019_ST	51065	0	51065
0159_AA34_42229_20180619_ST	50159	0	50159
0159_AA34_42162_20180717_ST	50140	0	50140
0159_AP39_21170_20180412_ST	49866	0	49866
0159_AA34_42515_20191210_ST	49076	0	49076
0159_AA34_42311_20181213_ST	47892	0	47892
0159_AQ22_10461_20191201_ST	47749	0	47749
0159_AY44_33072_20171102_ST	47188	0	47188
0159_AQ29_10006_20170707_ST	47011	0	47011
0159_AP39_21438_20180807_ST	45335	0	45335
0159_AA34_42316_20190102_ST	44416	0	44416
0159_AA34_42509_20191204_ST	44198	0	44198
0159_AP39_21706_20190125_ST	44031	0	44031
0159_AA34_42473_20190830_ST	43903	0	43903
0159_BD46_77000_20190523_ST	43636	0	43636
0159_AA34_42207_20180827_ST	43509	0	43509
0159_AP39_21552_20180925_ST	43176	0	43176
0159_AA34_42033_20180613_ST	42564	0	42564
0159_BE31_82019_20191212_ST	42238	0	42238
0159_AA34_42082_20180514_ST	41041	0	41041
0159_AP39_21169_20180220_ST	39656	0	39656
0159_AA34_42478_20190916_ST	39643	0	39643
0159_AS41_40015_20171215_ST	39323	0	39323
0159_AQ22_10470_20200103_ST	39129	0	39129
0159_AA34_42364_20190301_ST	39119	0	39119
0159_AJ09_760027_20191017_ST	37041	0	37041
0159_AA34_42317_20190103_ST	36542	0	36542
0159_AA34_42360_20190304_ST	33059	0	33059
0159_AP39_21175_20180310_ST	32595	0	32595
0159_AP39_21066_20171129_ST	32403	0	32403
0159_AF13_79004_20190322_ST	32372	0	32372
0159_AY44_33032_20170926_ST	32223	0	32223
0159_AP39_21555_20181108_ST	32084	0	32084
0159_AP39_21046_20171002_ST	31549	0	31549
0159_AA34_42323_20190102_ST	31286	0	31286
0159_BE31_82033_20191210_ST	30671	0	30671
0159_AP39_21207_20180418_ST	30380	0	30380
0159_AP39_21200_20180318_ST	30374	0	30374
0159_BD46_77054_20190703_ST	30239	0	30239
0159_AQ29_10046_20171214_ST	30021	0	30021
0159_AA34_42028_20180918_ST	28510	0	28510
0159_AP39_21437_20180911_ST	27523	0	27523
0159_AA34_42204_20180619_ST	27479	0	27479
0159_AA34_42359_20190211_ST	25952	0	25952
0159_AP39_21276_20190316_ST	25579	0	25579
0159_AA34_42345_20190125_ST	24592	0	24592
0159_AA34_42421_20190526_ST	24585	0	24585
0159_AA34_42337_20190123_ST	24401	0	24401
0159_AA34_42073_20180514_ST	23303	0	23303
0159_AP39_21185_20180121_ST	23195	0	23195
0159_AP39_21232_20180924_ST	23173	0	23173
0159_BD46_77028_20180919_ST	23158	0	23158
0159_BE31_82030_20200116_ST	23158	0	23158
0159_AA34_42444_20190706_ST	22821	0	22821
0159_AA34_42021_20181004_ST	22501	0	22501
0159_AP39_21196_20171219_ST	22486	0	22486
0159_BE31_82034_20200109_ST	22339	0	22339
0159_AA34_42340_20190125_ST	22024	0	22024
0159_AA34_42508_20191111_ST	20098	0	20098
0159_AY44_33064_20171009_ST	19561	0	19561
0159_BE31_82020_20191126_ST	19414	0	19414
0159_BD46_77024_20190329_ST	19394	0	19394
0159_BD46_77027_20181113_ST	19062	0	19062
0159_AS41_40009_20171207_ST	18857	0	18857
0159_AA34_42237_20181127_ST	18245	0	18245
0159_AZ03_32039_20181029_ST	18141	0	18141
0159_AP39_21430_20180723_ST	16540	0	16540
0159_BD46_77029_20180921_ST	15857	0	15857
0159_AP39_21150_20180111_ST	15813	0	15813
0159_AA34_42047_20180417_ST	15638	0	15638
0159_AS41_40001_20171122_ST	15385	0	15385
0159_BC25_41013_20171214_ST	14579	0	14579
0159_AP39_21422_20180823_ST	14541	0	14541
0159_BE31_82034_20191205_ST	14030	0	14030
0159_AA34_42506_20191107_ST	13514	0	13514
0159_BD46_77071_20191018_ST	13391	0	13391
0159_BC12_41021_20171220_ST	13199	0	13199
0159_AA34_42214_201801102_ST	12928	0	12928
0159_AP39_21435_20180531_ST	12710	0	12710
0159_AF13_79001_20190220_ST	12605	0	12605
0159_AP39_21439_20181003_ST	12587	0	12587
0159_BD46_77034_20190430_ST	11942	0	11942
0159_AA34_42327_20190109_ST	11829	0	11829
0159_AA34_42138_20190306_ST	11622	0	11622
0159_BD46_77025_20181126_ST	11552	0	11552
0159_BC12_41014_20171205_ST	11195	0	11195
0159_BC12_41019_20171213_ST	11147	0	11147
0159_AA34_42335_20190115_ST	11016	0	11016
0159_AP39_21420_20180801_ST	10534	0	10534
0159_AA34_42341_20190130_ST	10134	0	10134
0159_AP39_21418_20180831_ST	9527.00000000001	0	9527.00000000001
0159_AJ09_750020_20190502_ST	9468	0	9468
0159_AA34_42354_20190211_ST	9347	0	9347
0159_BC12_41018_20180118_ST	9210	0	9210
0159_AP39_21711_20181107_ST	8821	0	8821
0159_AY44_33068_20171023_ST	8818.99999999999	0	8818.99999999999
0159_AA34_42296_20181213_ST	8676	0	8676
0159_AA34_42356_20190203_ST	8481	0	8481
0159_BD46_77066_20200102_ST	8052	0	8052
0159_AA34_42040_20180410_ST	8052	0	8052
0159_AP39_21177_20180111_ST	7878	0	7878
0159_AP39_21448_20180809_ST	7818	0	7818
0159_BB02_45001_20190502_ST	7541	0	7541
0159_AA34_42015_20180329_ST	7513	0	7513
0159_AA34_42053_20180420_ST	7486	0	7486
0159_AP39_21661_20181102_ST	7447	0	7447
0159_AA34_42196_20180814_ST	7247	0	7247
0159_BD46_77003_20190628_ST	7195	0	7195
0159_BD46_77049_20190901_ST	7181	0	7181
0159_AA34_42020_20180607_ST	6971	0	6971
0159_AA34_42019_20180402_ST	6731	0	6731
0159_AA34_42046_20180413_ST	6295	0	6295
0159_AA34_42037_20180418_ST	6287	0	6287
0159_AP39_21662_20180927_ST	6225	0	6225
0159_AA34_42099_20180525_ST	6015	0	6015
0159_AA34_42018_20180409_ST	5534	0	5534
0159_AP39_21434_20180620_ST	5505	0	5505
0159_AA34_42039_20180413_ST	5219	0	5219
0159_AA34_42369_20190306_ST	4754	0	4754
0159_AP39_21440_20180706_ST	4583	0	4583
0159_AA34_42027_20180402_ST	4433	0	4433
0159_AA34_42232_20181116_ST	4370	0	4370
0159_AY44_33069_20171012_ST	3978	0	3978
0159_AP39_21444_20180730_ST	3885	0	3885
0159_AA34_42009_20180313_ST	3792	0	3792
0159_AP39_21164_20171206_ST	3694	0	3694
0159_AA34_42128_20190220_ST	3293	0	3293
0159_AP39_21443_20180927_ST	3231	0	3231
0159_AP39_21157_20171211_ST	3096	0	3096
0159_BC12_41022_20180228_ST	3026	0	3026
0159_AP39_21421_20180706_ST	2830	0	2830
0159_AN08_59015_20180205_ST	2730	0	2730
0159_AA34_42490_20190926_ST	2650	0	2650
0159_AP39_21024_20171126_ST	2561	0	2561
0159_BB02_45001_20190108_ST	2525	0	2525
0159_AP39_21038_20171212_ST	2500	0	2500
0159_AA34_42352_20190207_ST	2471	0	2471
0159_AA34_42328_20190211_ST	2374	0	2374
0159_AB10_101828_20210113_ST	2224	0	2224
0159_AP39_21427_20180920_ST	2215	0	2215
0159_AP39_21426_20180801_ST	2183	0	2183
0159_AA34_42507_20191110_ST	1952	0	1952
0159_AX43_65009_20180109_ST	1770	0	1770
0159_AY44_33119_20181130_ST	1540	2	1538
0159_AA34_42076_20180823_ST	1377	0	1377
0159_AA34_42358_20190207_ST	1289	0	1289
0159_AA34_42045_20180907_ST	1273	0	1273
0159_AA34_42386_20190404_ST	1213	0	1213
0159_AP39_21436_20180613_ST	997	0	997
0159_AA34_42056_20180419_ST	993	0	993
0159_AP39_21424_20180712_ST	706	0	706
0159_AB10_26093_20180517_ST	696	0	696
0159_AA34_42050_20180419_ST	640	0	640
0159_AP39_21425_20180925_ST	575	0	575
0159_BB02_45001_20190821_ST	546	0	546
0159_AA34_42044_20180410_ST	507	0	507
0159_AA34_42052_20180419_ST	482	0	482
0159_AA34_42347_20190125_ST	404	0	404
0159_BD46_77047_20190801_ST	304	0	304
0159_AA34_42349_20190203_ST	293	0	293
0159_AP39_21446_20180706_ST	234	0	234
0159_AA34_42061_20180423_ST	210	0	210
0159_AA34_42077_20180504_ST	172	0	172
0159_AA34_42029_20180719_ST	132	0	132
0159_AA34_42063_20180426_ST	91	0	91
0159_AA34_42059_20180426_ST	81	0	81
0159_AA34_42075_20180508_ST	80	0	80
0159_AA34_42051_20180417_ST	76	0	76
0159_AA34_42069_20180504_ST	48	0	48
0159_AA34_42049_20180413_ST	45	0	45
0159_BB02_45001_20190227_ST	40	0	40
0159_AA34_42043_20180410_ST	33	0	33
0159_AA34_42081_20180515_ST	18	0	18
0159_AQ29_10009_20170727_ST	17	0	17
0159_AQ29_10010_20170827_ST	7	0	7
0159_AA34_42067_20180503_ST	5	0	5
0159_AG26_66001_20171220_ST	5	0	5
0159_AA34_42060_20180425_ST	4	0	4
