chr_coord	ref_var_alleles	dbSNP_ID
2:143551211-143551211	C,A/G	rs6717024
1:234217153-234217153	A,G/T	rs4333882
3:15461174-15461174	G,C/T	rs7609897
19:38266675-38266675	C,-	rs760364725
1:219121228-219121228	C,T	rs61823192
2:55866069-55866069	G,C	rs1802575
10:99665257-99665269	AAAAAAAAAAAAA,AAAAAAAAAA/AAAAAAAAAAA/AAAAAAAAAAAA/AAAAAAAAAAAAAA/AAAAAAAAAAAAAAA/AAAAAAAAAAAAAAAA/AAAAAAAAAAAAAAAAA/AAAAAAAAAAAAAAAAAAAAAA	rs11428277
6:32550016-32550016	T,C/G	rs570640158
16:84850466-84850466	T,A/C/G	rs4782673
8:119612146-119612146	C,G/T	rs7464710
8:115576319-115576319	C,A	rs2049865
1:151948389-151948389	G,A	rs61817723
11:70161378-70161378	C,G	rs2276068
6:97896155-97896155	G,A	rs9372625
16:86199807-86199807	G,A/T	rs2280028
15:40357408-40357408	A,C	rs71472433
5:37778171-37778171	G,A/C/T	rs2973068
10:18151515-18151515	G,A/C	rs1888693
3:151357153-151357153	A,C/G/T	rs3732760
11:15043690-15043705	TTTTTTTTTTTTTTTT,TTTTTTTTT/TTTTTTTTTT/TTTTTTTTTTTT/TTTTTTTTTTTTT/TTTTTTTTTTTTTT/TTTTTTTTTTTTTTT/TTTTTTTTTTTTTTTTT/TTTTTTTTTTTTTTTTTT/TTTTTTTTTTTTTTTTTTT/TTTTTTTTTTTTTTTTTTTTTTTT/TTTTTTTTTTTTTTTTTTTTTTTTT	rs575909118
11:27706555-27706555	G,A/T	rs11030119
7:74025136-74025145	AAAAAAAAAA,AAAAAAAAA/AAAAAAAAAAA/AAAAAAAAAAAA	rs60731259
9:133269992-133269992	A,C	rs9411377
18:6305755-6305755	C,T	rs377411728
4:161493471-161493471	G,A	rs115809651
22:47037084-47037084	G,A	rs138491114
16:49370504-49370504	A,G	rs772878892
5:165219146-165219146	C,A/T	rs143977447
7:69466310-69466310	C,A/T	rs547484470
7:52366447-52366447	T,C	rs116879283
13:54291062-54291062	A,G/T	rs564399474
14:96321981-96321981	T,A	rs182592259
17:81838338-81838338	C,T	rs139809494
14:93573561-93573561	A,G	rs2181386
6:32616962-32616962	T,C	rs28752520
16:89088105-89088105	C,G/T	rs374402947
15:78614295-78614295	A,G	rs77438700
4:137456925-137456925	T,A/G	rs532298826
5:128383640-128383640	C,T	rs763947133
3:155251762-155251762	T,C	rs376768393
1:169783442-169783442	A,G	rs532825748
2:230662392-230662392	C,T	rs147389769
4:150743249-150743249	C,T	rs564716204
6:121704180-121704180	T,G	rs539059490
7:41853261-41853261	G,A	rs62441491
5:128072991-128072991	C,A/G/T	rs6595799
7:94823918-94823918	A,G	rs568156598
8:117501119-117501119	C,A	rs771331833
3:7826110-7826110	C,T	rs189319388
7:13997554-13997554	C,T	rs192629083
4:59775406-59775406	G,A	rs77261774
8:125572019-125572019	C,T	rs188692128
# hsapiens_snp/Human Short Variants (SNPs and indels excluding flagged variants) (GRCh38.p14)/GRCh38.p14
