refsnp_id	chr_name	chrom_start	chrom_end	ref_allele	var_allele	Modification type	SNP	Chromosome	Position	Gene	Gene region	Confidence level	P value
rs3130385	6	30211387	30211387	T	A/C	A-to-I	rs3130385	6	30,211,387	TRIM26	intron	High	3.88e-19
rs3130465	6	31198575	31198575	A	G/T	A-to-I	rs3130465	6	31,198,575	HCG27	intron	High	8.3e-12
rs72850280	6	32583744	32583744	T	A/C	A-to-I	rs72850280	6	32,583,744	HLA-DRB1	intron	High	1.12e-09
rs9274112	6	32662417	32662417	T	A/C	A-to-I	rs9274112	6	32,662,417	HLA-DQB1	intron	High	1.44e-58
rs9274115	6	32662428	32662428	T	A/C/G	A-to-I	rs9274115	6	32,662,428	HLA-DQB1	intron	High	9.06e-59
rs4360168	6	32662436	32662436	T	A/C	A-to-I	rs4360168	6	32,662,436	HLA-DQB1	intron	High	1.32e-16
rs9274428	6	32665264	32665264	T	A/C/G	A-to-I	rs9274428	6	32,665,264	HLA-DQB1	intron	High	2.71e-52
rs1592572	16	11716526	11716526	T	C	A-to-I	rs1592572	16	11,716,526	TXNDC11	intron	High	4.61e-09
rs9303280	17	39917778	39917778	T	A/C	A-to-I	rs9303280	17	39,917,778	GSDMB	intron	High	1.7e-09
rs2359173	1	113653873	113653873	A	G	m1A	rs2359173	1	113,653,873	MAGI3	CDS	High	5.3e-10
rs12185577	2	65432354	65432354	A	G	m1A	rs12185577	2	65,432,354	SPRED2	5′-UTR	Medium	2.4e-09
rs1061235	6	29945521	29945521	A	T	m1A	rs1061235	6	29,945,521	HLA-A	3′-UTR	Medium	1.19e-11
rs76018112	6	30590701	30590701	A	-	m1A	rs76018112	6	30,590,701	ABCF1	CDS	Medium	2.88e-08
rs9263785	6	31158046	31158046	T	G	m1A	rs9263785	6	31,158,046	CCHCR1	intron	Medium	5.2e-09
rs41541519	6	31356287	31356287	T	A/C	m1A	rs41541519	6	31,356,287	HLA-B	CDS	Medium	7.9e-09
rs9276935	6	32968664	32968664	T	A/C	m1A	rs9276935	6	32,968,664	BRD2	5′-UTR	Medium	8.6e-90
rs2247325	6	166956504	166956504	A	G	m1A	rs2247325	6	166,956,504	RNASET2	5′-UTR	Medium	2.73e-11
rs2952151	17	39672243	39672243	T	A/C	m1A	rs2952151	17	39,672,243	PGAP3	3′-UTR	High	5.7e-09
rs10885	6	31636814	31636814	C	T	m5C	rs10885	6	31,636,814	PRRC2A	CDS	High	1.05e-31
rs76864766	6	26577173	26577173	T	C	m5U	rs76864766	6	26,577,173	TRY-GTA3–1	exon	High	6.75e-10
rs2074491	6	31272119	31272119	T	C	m6Am	rs2074491	6	31,272,119	HLA-C	5′-UTR	High	1.7e-39
rs25497	6	30723713	30723713	G	A	m7G	rs25497	6	30,723,713	TUBB	CDS	Medium	1.31e-08
rs71563314	6	31354184	31354184	G	A	m7G	rs71563314	6	31,354,184	HLA-B	3′-UTR	Medium	1.5e-10
rs2263318	6	31464229	31464229	G	A	m7G	rs2263318	6	31,464,229	HCP5	exon	Medium	3.25e-70
rs5030798	6	31779733	31779733	C	A/T	m7G	rs5030798	6	31,779,733	VARS1	CDS	Medium	1.5e-18
rs1051336	6	32444815	32444815	G	A/C	m7G	rs1051336	6	32,444,815	HLA-DRA	3′-UTR	Medium	6.74e-191
rs1061801	6	33314561	33314561	G	A	m7G	rs1061801	6	33,314,561	TAPBP	3′-UTR	Medium	3.4e-14
# hsapiens_snp/Human Short Variants (SNPs and indels excluding flagged variants) (GRCh38.p14)/GRCh38.p14
