sample_id	total	Acidaminococcus	Agathobacter	Akkermansia	Alistipes	Anaerobutyricum	Anaerostipes	Bacteroides	Barnesiella	Bartonella	Bifidobacterium	Bilophila	Blautia	Bradyrhizobium	Butyricimonas	Catenibacterium	Clostridium	Collinsella	Coprococcus	Corynebacterium	Curtobacterium	Desulfovibrio	Dialister	Dorea	Dysosmobacter	Eisenbergiella	Enterobacter	Enterocloster	Escherichia	Eshraghiella	Eubacterium	Faecalibacillus	Faecalibacterium	Faecalimonas	Flavonifractor	Fusobacterium	Helicobacter	Hungatella	Intestinimonas	Klebsiella	Lachnospira	Lawsonibacter	Mediterraneibacter	Megamonas	Megasphaera	Odoribacter	Oscillibacter	Otoolea	Parabacteroides	Paracoccus	Paraprevotella	Phascolarctobacterium	Phocaeicola	Prevotella	Pseudomonas	Ralstonia	Roseburia	Ruminococcus	Ruthenibacterium	Salmonella	Segatella	Selenomonas	Simiaoa	Staphylococcus	Streptococcus	Streptomyces	Subdoligranulum	Succinivibrio	Sutterella	Thomasclavelia	Veillonella	Vescimonas	Wujia
012219A01A	6426725	126179	73824	129	61102	5407	8762	2700594	520	5014	145680	31609	54058	676	923	85	6086	47341	1551	957	901	230	6100	2847	44289	20100	7495	67334	608158	175	5359	2501	5962	2471	31726	315	102	14589	3139	27643	4708	7310	124115	88	229023	234	61289	3563	511854	745	1992	187	999343	66486	6629	257	4721	5062	38781	57852	3329	351	631	136735	29598	4727	450	24	228	438	1962	1833	247
012219A02A	588412	4114	934	127	66637	1248	253	49589	319	589	2332	893	13620	781	9361	174	4441	22011	2851	651	294	554	4799	2834	4186	1407	543	7254	43356	230	996	326	25433	82	3958	75	28	1135	3249	1125	93	2211	7603	49	492	4673	4306	859	85439	927	369	234	57434	4555	2393	119	1988	3023	1921	45468	9176	1054	1906	5263	1783	6006	6989	0	29	269	31	48924	37
012219A03A	2331812	310	15382	764	202083	7795	2537	521493	2526	1535	1738	34	94411	23670	21532	19431	8349	33002	13048	1883	790	521	190	13216	26227	6101	2414	5699	83547	1277	3766	96	160004	147	12965	106	59	8706	32718	58338	4005	7488	135268	92	539	15594	26988	501	190702	2521	1627	26250	89858	25673	81069	26259	9330	14031	11925	21394	87927	977	6507	16650	1615	17519	9375	10	291	151	40	111071	155
012219A04A	1075716	6745	6313	127	3341	330	873	31085	235	246	4318	538	5426	108	902	3519	937	5982	438	80	59	629	1550	2598	1244	56	374	1228	469	129	308	69	60542	34	1192	2516	0	275	292	292	599	236	6314	17	149	668	1283	80	10373	129	1696	35	19083	5031	478	17	7510	951	838	3951	853970	49	1346	3128	569	452	520	13	9325	194	211	1052	50
012219A05A	4674952	92	481	95	133104	177	2221	1608272	206	556	8857	40390	22786	347	3637	13	4471	79	224	345	122	200	898	572	1805	347	2673	87290	168848	18	943	0	119406	12358	59632	192	18	7498	1300	8819	19	8612	39076	62	2370	56121	720	98042	920948	477	1113	144	1106742	444	1372	117	763	1465	1128	14112	375	769	82	4766	58006	1799	209	0	2012	15849	37292	639	15
012219B01A	7542204	58833	124279	308	10834	1486	2933	166726	2661	29394	22117	6345	37235	3259	6092	39883	4654	67530	17945	1303	5815	800	115	24225	20201	1035	29964	14340	13426	428	8759	209	450236	199	12981	620	315	3834	5181	25423	1818	20024	21775	111	29082	1091	14009	866	257380	4615	12374	178085	44094	103473	26476	1523	73575	5307	7415	346375	4652746	514	8154	338475	5298	20455	3033	278	32885	258	370	20469	87878
012219B02A	3883909	146	86421	278	35291	3096	4820	229901	2117	4577	1807	693	46485	1595	12854	14902	6249	62410	16654	1214	1156	26974	349	42380	4777	834	4195	6328	1422	1356	11387	2164	453853	353	8939	29752	83942	3200	2909	58201	28719	2292	77294	106	274	18376	6376	721	59164	1501	7076	151734	72256	50450	8038	470	73423	20380	2332	29756	1842239	434	20029	71848	11879	9829	6304	94	13855	1358	7017	11815	489
012219B03A	25438169	2083	208753	3959	63774	87046	66524	951849	12618	54158	16846	76616	769209	12520	154762	305676	66897	147996	121279	8063	9791	2831	61127	317120	66147	11422	38676	56466	5939331	5763	138336	2102	3405847	2056	80692	1633	784	26672	46897	35974	4862	195594	296422	1132	7564	94044	92914	7149	477619	13912	139833	2677	1303105	300713	64740	3580	464896	69554	27411	240052	5862359	5304	120319	417866	53365	84369	38680	186	64791	3446	10258	564322	1024836
012219B04A	974491	1184	119137	177	52465	1227	4300	161075	9313	331	609	4165	14230	530	1946	2471	2664	13548	7563	577	136	8459	90	7355	2100	699	747	3022	340	322	10089	73	86129	82	1626	118	24	858	2032	479	16340	1209	18281	41	376	6464	3323	1709	34909	575	3472	27304	229818	3087	1642	659	37263	22335	3665	6393	5366	843	1177	3960	1311	3280	3281	13	31	190	34	13634	214
012219C01A	2701890	1783	34258	857	9319	3586	2071	367968	1195	662415	3647	212	82383	5479	4801	14202	12590	13024	13422	3472	2940	3157	11936	10971	15366	3992	16559	7766	10069	1330	7060	160	200847	346	8978	1096	352	2045	14643	158563	4577	3954	18261	297	10175	775	14549	510	17147	6770	1079	1043	5638	49797	18722	998	15210	21886	6524	167343	200429	4047	10254	263699	7941	37184	4711	87	426	347	213	73000	19437
012219C02A	7882584	197	96540	133916	667150	2201	5028	2882070	143868	2607	5803	38	36022	1447	34749	456	7563	7741	8319	972	1068	50451	116	10323	33152	2821	3758	24185	1273	1110	15448	62	247004	317	63009	236	60	4109	42782	3016	444	39212	56440	74	331	54262	33262	7452	336579	1539	1272	54005	2276247	1101	5733	252	329427	25149	7258	29240	1141	475	7568	42903	3870	11729	5172	26	402	523	157	7617	735
012219C03A	351783	1342	1303	167	5296	452	963	21322	223	584	1535	269	28869	776	1482	9267	4044	4240	11028	699	267	2414	1262	2905	5170	1149	1031	1565	471	52060	3694	98	32608	57	3223	200	37	1015	5621	6500	536	2473	3554	56	1584	638	5955	167	3472	933	222	8389	4951	2483	2357	99	3853	16188	1791	9501	7258	428	1759	7578	929	13178	1548	546	177	110	89	32382	1391
012219C04A	18438854	60500	14299	3961	910310	16039	13872	1349548	17369	19867	21401	8500	1147846	17142	121430	52432	73638	109840	314933	3185419	6564	110369	36961	66409	145162	29415	29393	38738	22171	6371	98207	1082	1204671	1329	89041	2869	1525	14259	144272	54806	12799	96200	132503	1360	37799	23345	153723	2780	443982	19905	110065	144916	680284	265522	59395	2634	66409	776835	51145	275941	4506002	27459	21142	193951	21913	127302	105060	196	2236	4034	1064	507656	1337
012219D01A	625579	0	10530	24	13676	30	1454	308669	188	563	59168	0	2099	54	1872	0	648	0	6789	22	92	0	0	260	1820	109	625	3521	8120	11	1438	0	10478	25	2521	0	0	330	114	775	13	261	5180	0	12	2070	1838	1275	51396	50	7737	8973	73438	57	4043	18	328	78	1229	6537	131	0	25	17798	107	379	46	0	6190	271	16	41	17
012219D02A	19607380	26385	801913	4424	61659	58132	31439	476099	14181	2232905	213474	1980	569889	21477	48652	369935	66347	265681	291117	16703	9926	91098	84382	284685	65678	16511	103027	37245	28780	1215775	36004	2830	1990580	2965	45164	4252	1542	19533	58543	48561	69358	36160	265702	3048	178573	24854	64337	4317	80983	24741	16262	150343	100900	447925	73402	3596	206253	94564	26028	670088	6116132	49209	122024	482808	49122	158944	87380	992	5435	5461	1875	259553	7538
012219D03A	6427193	3521	38785	520521	429775	4935	10735	805826	2601	1942	11357	13523	130983	4443	41202	3246	34350	45872	165808	4316	1366	55274	991	20455	44218	11040	6607	19293	10097	2565	30509	7455	1440260	955	35374	508	245	6702	27222	4022	82362	17377	110588	407	1753	69855	43034	1964	255773	4422	10552	4763	1036028	5079	163792	793	91228	157683	33593	43913	3803	2925	18591	28912	18689	39790	16868	47	14119	1817	694	145659	1421
012219D04A	14470106	428	88465	47085	367927	9197	17763	2268994	44721	4960	7218	32626	186048	1641	48815	24881	16281	59137	29291	1368	1159	7332	254	36557	37665	7064	14416	75983	7010	2286	16170	5761	411778	1296	76368	650	155	21338	6173	6918	15457	72564	197874	250	705	53807	56464	10512	568196	1883	267396	237017	2809861	71008	11558	460	155985	15387	25937	89039	5491782	632	8613	96781	6029	9771	15022	93	168272	1542	1529	14336	1165
012219E01A	2288272	75878	28627	26	47170	445	827	1049331	100	889	5422	8646	11950	158	266	12	1610	19937	4288	125	260	5227	194	4373	6140	1194	527	26630	462	39	1919	24	2850	1662	29338	45	25	2956	888	1298	94	3030	39401	69186	7049	47	9385	311	136120	177	1038	8909	490261	319	1217	62	7368	944	2403	5385	147	103	430	159731	726	1358	303	0	60	231	96	504	119
012219E02A	3728242	15420	10536	1134	298679	5228	4005	441593	1997	9248	5143	39138	112180	4665	14109	22615	29061	19106	46316	3627	2843	38564	478	22156	49513	9589	12912	29881	5998	6182	23720	440	202276	816	21480	11607	277	15695	37214	11844	3704	43130	49366	418	1764	10162	58555	1262	59717	6313	2960	51373	1075291	2609	18828	1141	39480	45648	14074	132836	92224	2667	159639	108753	9211	40628	14097	13884	733	1131	280	77944	1135
012219E03A	874044	87	6747	1336	17659	929	526	50086	353	794	442	3721	14670	420	1453	28	1906	3526	3670	423	253	102	3359	2533	3092	846	1059	8850	572	168	996	1092	64119	104	3552	77	24	2276	2589	988	4694	1609	4541	39	387	3212	4645	1485	24781	598	13189	116	48284	16387	1856	82	13673	4719	2492	9800	477929	271	7765	10938	1317	3279	2905	13	43	108	248	2739	4473
012219E04A	2863216	91	4066	428295	64136	1373	63581	1041936	503	248	302	13709	87365	293	13487	32	3691	13382	2942	200	88	223	54	2706	4232	1880	396	78172	235	336	2016	39	20492	16281	17271	17730	26	7738	722	383	22267	4443	45051	32	112	70	4383	19527	122368	335	10773	26377	507305	210	1802	59	103511	1923	4043	3258	1064	158	4563	2693	10977	2358	13973	0	96	14548	23042	1021	222
012219F01A	27	0	0	0	0	0	0	0	0	0	0	0	0	0	0	0	0	0	0	0	0	0	0	0	0	0	0	0	0	0	0	0	27	0	0	0	0	0	0	0	0	0	0	0	0	0	0	0	0	0	0	0	0	0	0	0	0	0	0	0	0	0	0	0	0	0	0	0	0	0	0	0	0
012219F02A	33086707	9794	449035	17162	88964	138007	171098	750554	19618	49671	30530	10710	1027595	33180	254796	298482	135083	426000	571010	33623	14041	424782	11776	410871	157199	24152	74655	69532	32210	36674	194618	45740	8218304	10966	130737	9165	3036	55384	176679	50202	126008	126724	680859	2929	9838	37014	213111	12777	127871	34555	16510	1200497	250879	402868	119291	5614	665776	620883	46159	500842	5381283	15704	83506	6208563	54321	240829	169135	9410	10705	10787	2712	959139	73973
012219F03A	2033946	51462	1598	155045	618	481	1627	1454474	99	267	276	6033	5608	79	155	35	1402	32	694	104	53	121	25	867	35208	1326	437	35279	120094	136	525	63	15739	2586	21308	45	13	2051	747	513	13075	3664	23006	14	63	42	7192	443	3377	135	225	2279	15452	837	496	41	20114	2218	4370	2385	410	105	1340	2105	3293	823	1587	0	363	593	6065	557	52
012219F04A	9261151	20096	502524	571	177839	15337	17513	4189200	8672	2927	30938	25612	170079	1595	3426	1112	19920	93297	70545	1372	646	1602	3858	184958	11441	4082	5503	53422	1692	1548	57815	175575	592915	945	72249	402	86	13317	5691	3195	2858	18995	436336	170	610	3206	28129	45874	359647	1677	23455	1781	1358473	4235	6548	375	81713	134148	16189	34723	18648	931	11564	27307	9811	10513	53898	51	1274	10923	1719	10830	1023
012219G01A	10994187	6578	272801	1052	94371	3990	12154	337917	3972	49274	111028	2152	104491	11059	35090	56794	18176	63515	362822	5190	12620	7121	1243	58107	41687	3545	52649	16758	22522	2946	9394	1165	1049869	789	21851	1091	584	6755	26198	96604	60235	9868	80269	605	11082	9457	47742	1957	53729	12855	14565	419727	70670	143428	64354	3548	129773	60960	20499	624481	5208814	24055	51782	591617	7639	67819	16992	104	20305	1017	291	173084	4940
012219G02A	10196021	142581	1141908	59456	502517	34367	35108	1533115	2250	9114	8080	81486	349100	6013	1636	2015	59369	129259	117765	5347	2921	8027	612	86348	128044	15435	15630	84336	5349	8456	34644	419	1279008	1747	73943	829	262	30723	35237	14201	76534	56045	261828	432	1906	47090	143204	4775	575263	7596	29890	162569	1053697	6415	23657	1366	173169	61084	43579	133605	827743	3107	35737	105667	10820	49085	27860	99	185	2226	313	220199	2619
012219G03A	312427	925	1495	8443	5742	603	1075	90980	191	46	244	406	5816	67	957	481	968	1756	4503	68	22	1121	41	1328	954	149	84	1223	145	220	1681	602	67227	66	714	18	0	511	250	51	7866	256	6795	7952	139	938	1049	678	11389	42	747	50	44177	2479	245	16	12038	2137	224	720	2678	40	2671	415	461	522	248	0	2539	123	847	664	109
012219G04A	945913	8642	3842	38	1691	322	251	17558	527	374	1314	62	3672	208	895	3313	1266	13373	1266	232	112	793	3549	3462	959	86	576	672	2271	39	278	46	28478	74	391	53	14	405	201	385	42	221	3424	53	5942	433	822	135	2176	239	871	2942	13589	9650	718	49	2763	237	529	4948	744175	4158	259	3621	31408	1122	457	11	966	43	5984	2217	19
012219H01A	11938776	57107	264629	1311	15113	7773	7311	198162	3675	282239	10622	254	78782	7584	6298	111987	45560	43887	103222	5413	7088	3711	32127	27582	31624	5832	39514	11701	13742	516645	23365	1709	698209	1173	15440	2474	843	6853	17263	26165	195714	8084	123436	882	18145	3883	31687	1607	14982	9466	5376	25619	36286	153593	42203	1570	96034	430938	9424	343466	6797388	19048	303413	321701	32255	50803	26339	4923	5541	1498	13355	63972	12156
012219H02A	440353	6266	6351	22	2801	213	457	27872	258	205	172	2318	2727	182	798	10179	1215	8874	2453	127	86	3876	686	1678	2060	74	263	890	160	83	709	178	24040	37	2661	20	11	314	376	240	175	708	2758	2155	913	906	2211	73	25360	171	501	10635	15634	8076	1149	65	2699	570	844	3527	239117	95	280	2593	353	1299	878	0	3131	112	81	1324	28
012219H03A	826657	5908	24235	199	5669	1316	583	29309	318	803	2009	107	12708	944	2058	2272	4491	6178	58984	807	238	606	4433	4163	6567	1352	902	2086	617	608	1868	85	130150	123	3927	141	150	924	4185	19108	13609	2917	10742	51	3032	1196	7127	193	7764	1125	603	10372	22815	5105	2635	199	13540	10540	1768	9941	293617	898	13718	6642	1554	6736	2897	6138	152	283	68	27016	533
012219H04A	137495	0	49	0	137	29	1086	53404	102	18	0	0	1771	0	45	0	104	0	39	0	0	0	0	80	0	12	23	4278	4504	0	43	0	97	466	1025	3848	0	107	0	40	17	0	2941	0	25	0	0	65	5199	0	0	0	56940	0	31	0	110	24	0	124	18	0	0	132	73	26	0	0	16	262	185	0	0
021420A07D	2390164	38	4086	267435	42007	1531	107204	809962	345	213	296	7613	132650	215	11786	52	3197	12119	1943	181	43	145	39	3013	2420	1365	167	48885	66	355	2182	46	16219	24144	9630	19746	26	5452	474	156	20432	2444	55473	19	93	97	2754	14595	95023	182	8046	18872	415887	206	1205	43	106682	2385	2566	27051	837	138	3290	1960	15088	1676	11517	0	53	25034	18068	768	234
021420A08D	3421335	137	154698	5009	147465	6254	19782	1418727	167	12479	352	11	97717	219	13303	124	5632	19060	3739	342	125	124	3547	12388	15557	6442	1928	9699	964	787	2276	86	198796	7204	20596	116	45	2079	1129	3000	575	2164	96870	54	414	41465	21866	1524	103069	377	466	232	871217	14047	1312	55	19814	15748	2106	7892	1068	239	2430	7039	2114	1562	1707	18	319	1275	203	9550	439
021420A09D	247886	0	10845	1713	11323	1548	2384	44262	3280	111	10906	667	12483	95	357	17	698	4405	2285	79	46	1020	13	3415	817	157	204	470	62	177	965	917	35429	34	1077	14	0	260	326	2462	479	889	4688	0	25	768	1459	73	5233	152	1652	3259	20263	1786	325	23	23147	14328	247	1202	1397	61	357	4427	349	678	1063	0	544	47	0	1543	2099
021420B07D	3699806	102	596	301696	86302	376	4975	1966409	186	730	64573	11	47640	243	780	18	4193	118	816	315	156	109	1215	1858	1358	2112	1978	247433	1745	114	835	39	8078	3762	75391	66	43	9108	1602	822	237	3918	22364	25	211	183	4475	5683	301654	410	941	71	464520	332	1420	103	3094	5993	12331	9710	3124	155	234	7349	7601	1587	604	12	1162	1313	59	963	65
021420B08D	552605	57	22636	8468	37644	2664	6654	63774	5221	680	18669	1513	30962	299	1479	28	2034	5902	29559	316	127	1323	264	7802	1638	368	1700	1368	452	247	2762	2882	83645	95	1514	77	28	636	1018	678	12324	647	10365	59	117	4060	2507	148	18692	473	5044	2049	42324	181	1230	72	5086	11277	923	7450	122	230	1924	5771	872	51202	3675	0	4573	226	52	4483	7264
021420B09D	180711	0	8325	124	2092	502	1416	39619	31	45	9295	601	4533	32	18	0	405	1730	236	28	0	0	233	1745	396	109	85	606	322	56	770	11	26945	37	1516	21	0	276	183	5337	2622	1596	2396	0	22	15	686	181	4741	0	178	11	48156	243	146	0	4285	3709	329	326	59	28	101	1516	264	201	693	0	28	180	87	181	51
021420C07D	813223	25624	22064	17	5453	4636	7755	375069	48	5522	15614	4988	29964	38	201	32	1502	7460	584	60	17	37	1016	869	1659	810	232	34085	48918	44	3031	1434	834	315	2090	467	17	1985	233	237	545	706	24943	20	19706	22	2164	376	33957	68	418	32	103602	12406	230	21	1378	1576	2323	1022	378	46	179	937	472	212	61	0	46	102	79	162	73
021420C08D	8916884	190	154133	26190	210920	6704	12056	1146673	24159	1951	34055	11088	72942	1115	8710	101	8960	25442	26458	993	524	412	87656	28006	11980	1364	5967	6538	1120	2766	10370	7956	841227	469	10617	295	74	4102	4312	2673	51531	29129	40025	92	804	32368	17831	1230	188932	1496	1504	3461	914399	21497	4994	235	214832	103851	3587	30120	4227882	559	101695	21686	1949	8994	28981	15	46388	484	421	12767	1877
021420D07D	994424	897	172	146	946	345	137	306803	49	85	30879	120	4553	1322	12	1334	16193	1028	1461	57	15	25	125	4150	0	42	636	666	242644	31	259	24	2538	347	34	15059	10	272	15	38323	68	14	12217	30	119	0	84	228	4664	73	95	2210	31836	24956	240	43	772	328	24	2098	614	396	70	1121	88103	371	17	0	2323	23	149495	25	13
021420D08D	479940	42	24231	36	121	5088	7561	109355	14	129	268	0	32105	67	71	38	1719	42	8496	90	30	27	27	1318	3392	2448	240	4733	9529	103	2289	4737	74884	134	7699	22	10	1372	709	239	12198	4353	12337	23	59	55	3412	439	2497	113	58	293	115777	87	341	17	2727	10295	1176	1483	92	78	2304	1234	335	502	1495	0	0	1020	16	1528	181
021420E07D	1345564	101	44106	166548	295153	8126	2047	176022	698	471	790	9888	28171	569	5736	73	4300	18008	13207	627	194	161	59	6993	9108	696	1242	5497	705	339	1015	192	87914	113	4699	151	27	1979	3121	621	1470	1568	12594	44	264	14588	8537	466	102087	684	4986	18144	130647	873	1940	103	7463	6254	16552	7585	31413	394	4311	10057	2408	4738	2466	0	2673	220	54	50351	163
021420E08D	758207	27	28187	13447	116493	13281	1926	179540	284	94	467	5574	47545	127	6587	53	3940	53	683	149	30	3393	121	1438	5307	2488	573	8855	2066	236	4114	13	17581	166	9410	92	22	1368	8066	164	2611	4086	11466	36	83	27	6672	256	38064	100	78	53	180387	133	393	21	5969	11041	3314	1418	131	85	811	1344	846	713	359	0	36	1298	35	2262	119
021420F06D	0	0	0	0	0	0	0	0	0	0	0	0	0	0	0	0	0	0	0	0	0	0	0	0	0	0	0	0	0	0	0	0	0	0	0	0	0	0	0	0	0	0	0	0	0	0	0	0	0	0	0	0	0	0	0	0	0	0	0	0	0	0	0	0	0	0	0	0	0	0	0	0	0
021420F07D	516737	35	23122	7774	1536	1023	2100	151554	80	344	9863	3975	10531	158	57	15	1409	3577	10541	190	107	59	222	783	3224	450	851	1782	1933	89	1553	71	90202	83	10447	28	44	3166	1132	561	1440	1856	6075	13	378	11	3790	260	21038	210	345	50	83331	129	713	49	2013	31422	812	5399	682	74	262	3586	1526	1202	3252	0	0	316	31	1323	478
021420F08D	1459610	151	7029	416	200503	21599	5411	209587	1048	2704	1673	96	171816	1720	468	169	7181	44693	14793	1409	772	1217	86	9701	20410	5407	8027	40305	2640	482	3321	92	48448	997	19432	132	52	3917	29431	5325	16421	4021	33338	58	455	9655	19699	4871	43929	2144	354	14426	121929	587	5655	351	15521	52886	32992	49989	283	1168	9934	32078	24954	11044	3113	0	321	2390	67	52142	175
021420G06D	0	0	0	0	0	0	0	0	0	0	0	0	0	0	0	0	0	0	0	0	0	0	0	0	0	0	0	0	0	0	0	0	0	0	0	0	0	0	0	0	0	0	0	0	0	0	0	0	0	0	0	0	0	0	0	0	0	0	0	0	0	0	0	0	0	0	0	0	0	0	0	0	0
021420G07D	4488958	144	161902	214	94072	12892	44174	2594115	356	513	6306	10	161075	531	37627	148	14555	199	3890	584	175	185	98	9742	19307	21499	1633	99265	1886	561	26211	248	192400	15716	50106	15144	52	12695	4894	3193	1684	6119	86340	69	199	365	27502	8980	478148	577	1964	49861	37352	2226	1914	107	69767	3425	26792	6337	577	294	3531	38857	10948	4272	1265	21	144	7779	359	2573	293
021420G08D	171105	0	1819	20	1782	487	387	2846	440	21	391	108	4243	13	150	1052	366	1784	3079	32	0	0	0	1133	213	30	340	190	0	51	407	91	23601	13	137	15	0	118	95	661	1989	222	2400	0	0	30	263	29	830	39	21	2787	3955	399	107	0	5130	3596	48	764	99553	13	544	352	420	179	361	0	0	12	188	373	386
021420H06D	0	0	0	0	0	0	0	0	0	0	0	0	0	0	0	0	0	0	0	0	0	0	0	0	0	0	0	0	0	0	0	0	0	0	0	0	0	0	0	0	0	0	0	0	0	0	0	0	0	0	0	0	0	0	0	0	0	0	0	0	0	0	0	0	0	0	0	0	0	0	0	0	0
021420H07D	270928	19	820	12	30	341	361	115999	0	149	62	0	5440	39	0	27	9073	14	592	47	38	19	19	881	378	284	331	11826	259	249	410	20	1356	690	18067	137	0	19710	629	11404	1919	209	25995	14	46	0	205	847	123	0	0	20	507	71	261	17	1952	654	125	2039	31	46	208	1697	9098	312	216	0	0	3711	20557	240	76
021420H08D	408447	0	12813	41	10417	1728	1892	165313	38	129	8535	3519	9571	51	290	21	3823	32	894	41	0	51	90	2345	2292	975	193	8497	18878	123	933	253	17176	1313	4294	94	0	8731	521	422	1156	2689	20100	0	34	2169	3411	3526	13795	47	39	20	51030	160	220	10	5696	1762	10534	1447	46	41	339	489	1035	266	1306	0	0	186	98	341	126
112019A01C	18961596	650865	135984	1317	399583	30684	25048	1134672	86682	13733	167731	101556	461109	7116	4342	130085	39156	176601	173518	6114	1365570	5733	2330	119578	49185	4589	25315	47938	10976	3100	44202	1351	1374162	1694	112237	3207	582	13357	14085	13174	145110	23634	170820	2198	542785	8495	75213	6228	415888	7416	47691	621436	1167946	284989	30889	1765	134479	56281	24865	237775	5889073	46458	19463	153795	1365278	46940	63625	957	39343	2696	8577	32459	328768
112019A02C	5152943	55792	39796	821	237355	23909	22522	501288	86404	803	14082	14047	167957	784	15713	6579	12932	103422	48606	799	10661	1373	343	30599	11948	2310	3702	34835	2273	1673	24169	17279	352536	5614	27453	336	58	5173	2377	1468	8314	5514	48161	189	28813	32406	15452	5410	294614	872	3941	103552	468931	30347	15022	186	82042	22688	4812	18723	1870492	2905	38454	14718	66844	5856	7637	67	30016	452	727	17428	17567
112019A03C	21906587	1241	749817	1524	343566	258684	404397	4532737	2784	23453	1639654	52362	1659773	5347	12614	422994	48298	186577	439044	3936	4424	1232	1917	418242	48226	6656	54317	46323	11588	9417	205800	4562	3200284	4633	39459	1987	639	16713	11776	23288	113973	37477	449500	835	2284	10372	52760	6302	651960	6222	11689	172981	2443007	2702	33293	1933	893325	1250245	23622	253493	21548	2479	26631	248857	54055	36570	123989	279	26240	16886	1609	23813	5371
112019A04C	3666560	11138	178910	321	298634	16143	53056	684274	2540	824	21322	18113	161992	1229	58335	228	14057	97649	8298	1347	279	18169	247	40444	9601	7664	782	27663	2109	2803	5070	263	311196	671	11850	310	183	6246	4747	730	3469	11519	32579	125	437	28014	9794	2229	157864	1150	49064	45458	621014	18973	3865	273	171806	78955	6092	107588	30661	694	118089	9180	2177	7583	1573	41	3950	3833	263	57681	1130
112019A05C	4561068	1156	205332	145	7680	9985	10782	95768	1534	2453	13741	151	72406	906	2574	30777	4595	30485	36897	711	533	2924	2543	39390	1780	415	5482	2252	1135	588	3415	404	232697	337	2363	364	184	1207	717	1983	3332	709	82791	115	7493	2953	1659	624	32760	933	7109	85425	19691	69788	4172	275	9263	4799	489	29442	3306717	1900	2301	27362	4917	4274	4386	8269	4129	981	209	2216	794
112019A06C	1993883	5290	29216	78	2998	3842	4287	38604	807	628	9809	137	28435	360	1070	40127	3169	15896	1745	392	172	83	238	14934	1098	294	1463	2053	1496	150	1862	348	157373	89	825	196	27	529	273	3510	240	509	10291	79	1765	869	875	284	7442	493	5750	55449	24663	32905	1582	93	4356	2959	450	8330	1430035	11933	1373	6580	1114	2238	2033	19	3063	140	554	1377	137
112019A07C	3785058	1587	107990	662	65394	6094	6577	138175	5713	3826	2889	2785	58688	2825	24328	9385	20820	13328	36736	2884	69844	21724	530	22396	14848	2413	12979	8500	5565	85013	12651	771	421349	903	12999	1537	1729	6634	14853	33441	30475	6752	31429	377	1355	12233	26309	1359	48432	4181	15746	107286	51648	95034	11334	415	130773	26799	10203	64576	1659576	4003	40809	48443	5143	18341	6461	4767	671	1077	2643	51866	3177
112019A08C	987206	388	23564	97	2447	6179	2389	26789	475	413	307	10	23503	269	2189	19740	2899	6592	7586	310	99	4041	1203	10534	1747	213	1101	919	877	344	2578	714	146684	120	833	155	27	594	1069	385	26561	3042	10111	30	190	653	1649	144	4212	435	1180	14965	6241	19683	1799	84	20248	2163	383	5546	546613	612	4097	3689	1344	1772	1388	1379	1881	164	149	4198	218
112019A09C	1035234	4909	12954	119	1946	2102	734	17541	400	438	754	44	15598	443	928	8230	2433	5066	3485	398	132	982	2314	8922	1572	323	1210	910	2289	467	2339	81	80503	110	1110	137	41	598	1358	581	6605	837	10503	73	6827	669	1904	172	2350	472	1086	6140	3567	16902	1292	72	25907	4817	643	6348	701986	3876	7727	9784	980	2734	1477	3382	692	138	75	5351	15345
112019A10C	978248	37	17472	304815	288	5000	11846	371006	30	192	307	0	22340	93	1398	100	2772	3325	1059	138	48	17	132	1757	4227	1155	409	4789	13352	457	1028	56	1845	2720	13333	79	10	1747	532	273	3113	2080	15104	29	13280	0	5033	1615	37592	132	28	22	1128	1851	387	12	6440	78260	9847	1558	317	70	326	4965	1999	632	286	0	0	1411	41	388	118
112019A11C	2284526	138	2037	224	40521	1325	20241	813700	240	602	17713	17	188980	296	767	187	19225	12218	3594	377	163	124	105	43527	19025	14007	1353	56180	85239	740	7570	224	71206	33623	40473	189	54	6662	1185	4662	1341	6548	136960	121	219	44	14466	2345	70258	455	187	26650	418560	310	2341	84	6543	23245	23001	6446	169	213	758	8914	16360	2651	1629	0	0	2246	109	2336	304
112019B01C	10147685	86869	476135	1294	153992	21519	10729	458850	3056	25179	7009	2048	188458	7377	26603	94381	24224	166987	98370	5891	6499	119921	19172	98558	64715	4016	53383	14804	69321	4969	68351	869	609624	1199	40783	9665	605	4470	33014	37717	85057	55133	166901	1740	130899	20337	62958	1065	138322	9551	40863	307055	123879	98768	39161	1508	120058	46462	17746	480442	3626244	19518	87020	269257	61273	99779	15539	715	1247	2051	1609	263049	631853
112019B02C	11133823	187845	21549	689	5281	16352	28834	3540057	638	4001	208122	49	1193964	1087	1615	614	53925	644105	11850	1004	606	19653	696	31483	35394	7328	1967	89672	5317	1899	36076	2438	15830	31719	114921	1186	262	63783	3936	4253	1378	13869	1024690	741718	428270	319	59395	16241	421781	1047	134217	96204	1192953	3323	5412	291	25529	19565	72790	363690	5991	669	2067	31722	25990	6881	2659	51	14803	27277	460	1918	653
112019B03C	4213627	232	129812	125297	158200	4276	16793	1458300	849	477	1754	36790	218001	575	5306	187	17013	342	81067	860	223	1263	110	12407	131282	54818	1820	73388	333760	463	7618	236	25595	29525	149958	280	74	24507	6329	5472	22905	57890	204793	90	436	431	97840	8373	401617	687	542	347	22709	1090	92880	86	13577	17306	80864	7487	11457	616	10678	5362	20153	4386	3545	21	32	6014	191	3121	842
112019B04C	3073038	124846	122733	29962	232596	9600	19850	476247	22855	633	5301	15056	101850	459	7942	78	7914	54016	10551	517	334	383	87131	16343	16756	1021	3806	10123	1027	593	3083	175	126221	437	35943	238	74	3781	1650	1618	22003	24692	68804	64	9216	8472	23286	787	232681	649	24938	173	325219	3371	2833	113	61795	390395	3939	25469	249678	354	1840	7693	11539	3572	4469	22	4184	4294	106	2198	447
112019B05C	3718439	66239	3749	197	239226	4649	2321	366260	83457	919	7010	19095	35316	399	33734	115	5869	70915	22626	666	285	262	445	15814	7566	1242	1370	23623	139935	104	1822	57	5892	11169	63972	120	89	8256	888	1498	407	4164	85759	78	55751	22796	10112	790	224907	627	31380	84306	1140087	23372	2441	76	5195	2849	3289	42345	682621	7988	295	9480	2752	2791	676	20	20592	1949	98	1163	112
112019B06C	1158662	376	7444	65075	237961	3129	11143	81118	17826	1348	12836	3225	63197	1465	143	1290	9852	12360	88639	1543	515	11441	163	8378	11674	1311	4316	4774	2418	34453	4005	1096	77548	371	14360	362	129	3902	4565	1893	9084	5084	28249	132	617	8472	10476	384	46634	1875	188	8712	84744	445	4637	285	11107	11123	8731	24611	198	2235	953	17721	2897	13174	11436	33	48	347	127	35923	336
112019B07C	2409745	10221	58776	266	177368	5620	5541	217674	899	1210	16211	8221	55583	1361	17386	299	8399	21290	17954	1518	450	2038	8088	19026	15998	1110	3820	7446	830	1366	14766	618	355926	239	11842	207	65	3667	7655	1984	72048	6388	16381	169	43324	15275	14520	584	65642	1629	15480	960	469775	4486	4735	218	79007	21271	6150	21425	174374	7164	5354	15285	6165	12881	7658	28	13388	299	676	92375	131693
112019B08C	1533238	133	143246	5759	77250	9122	5449	356069	9046	459	33932	8958	79278	427	196	174	7997	14439	13263	456	148	163	15583	15088	10493	1082	1556	5751	5665	1215	3633	4572	247782	593	10817	165	29	7308	2349	711	11324	4761	31353	86	232	8651	13710	1202	36111	485	83	193	197732	305	1629	87	31258	33550	4406	7843	330	309	1142	5852	2556	3565	8532	16	81	460	139	24376	523
112019B09C	3130040	33594	75573	312	15447	1633	15354	161920	1118	2392	9124	10464	74055	1016	11503	241	8965	39947	74177	832	600	9693	477	107968	11269	1429	7605	11782	5468	707	2818	11328	186951	278	46704	316	83	7589	3154	4085	24174	27994	30678	60	58062	9518	16367	939	144132	1655	72970	164690	143765	44361	5690	248	35930	10739	4852	37936	1238835	389	2365	26963	5960	6037	4849	176	24960	3345	3732	19105	593
112019B10C	1005208	42	12837	113	174577	580	5427	291387	129	295	1805	5276	30899	146	931	88	7370	2935	24042	208	82	81	29	2516	10214	5988	785	19983	233	163	1322	87	54297	266	22979	57	16	3984	1408	398	16604	3497	32655	18	78	7375	14314	1101	53490	266	2351	9033	122127	157	819	47	8827	3210	23825	3963	523	98	2488	2984	570	1415	2160	0	24	4614	23	2487	90
112019B11C	1079885	59	6112	217	29000	1736	4644	98199	285	247	17239	2083	38526	166	1698	795	2729	10156	29269	181	11189	4766	1804	5421	1775	277	719	1990	329	350	3017	2490	154505	150	1763	171	69	990	424	235	1731	2760	18504	72	209	3121	2436	359	27386	224	5938	122	86151	4196	1728	35	41282	72543	460	5965	352982	137	1165	3015	3980	1195	3138	22	45	155	377	2341	336
112019B12C	433761	25	17122	49	12378	2804	7073	120605	192	159	1006	926	33969	80	1030	92	1795	2901	7118	95	46	177	2597	5433	696	222	506	1323	301	332	2146	2712	110302	138	951	56	0	558	368	4318	6148	811	7296	21	48	806	1040	141	2526	95	864	236	7520	580	411	19	26877	4096	369	1884	12917	48	8069	1658	2282	563	1997	0	24	490	151	1000	173
112019C02C	7211733	136132	158728	16042	54897	31478	6536	123440	3152	9849	16938	1423	204089	4499	15586	219923	21418	196413	113405	4394	2547	56532	31322	126373	38892	3497	20454	11540	5143	2666	23891	1659	425192	880	15407	963	377	6817	21077	9327	26747	32387	125380	745	155580	3514	29676	1372	46597	5516	7846	21346	69316	57334	18291	1089	102914	30763	8164	114748	3621494	14675	58808	224984	12052	30657	15488	40520	6612	2996	483	179568	1173
112019C03C	21050013	140697	1299618	329979	1110893	132427	167359	4936997	2777	12176	260213	25114	1302619	5441	212355	779	53385	332350	167101	4841	3180	12013	21016	259284	50460	19454	29374	74579	10996	7409	50410	43915	3342670	2489	66217	2277	426	23151	29305	22937	13730	106457	470214	856	3686	317094	86777	7139	533509	7084	37227	1901	2769080	2986	26163	1866	294477	675194	23481	125075	2556	3456	20270	458368	177128	37257	54636	152	14164	4799	3902	197297	3349
112019C04C	2725928	29763	45332	125	15003	4800	7192	103883	918	1247	3904	0	29537	396	2027	53941	1803	15887	916	388	213	126	33	7288	3083	420	2253	2757	683	163	728	261	99159	111	7486	105	40	1640	429	8225	797	4072	14916	23	108	2674	4504	263	28670	423	6647	77812	56313	50340	1980	106	7513	1580	345	11626	1942988	96	830	14256	7220	1791	353	23	32834	317	919	1161	163
112019C05C	3420704	277	328302	204720	108602	32253	59680	573550	1769	879	1363	21397	348776	1108	24956	652	11646	61642	4604	950	339	15221	122	83177	58268	10987	1055	61632	325	2325	4318	825	25417	132180	18192	466	133	8860	7776	697	17619	4864	156927	172	5995	23516	24340	2617	94715	1145	886	74245	212587	44317	3339	152	74862	125682	8438	82866	145458	669	1746	10739	3451	6924	1275	34	33964	30282	213	6133	1091
112019C06C	6008082	375	13299	53654	1111	103492	72130	508312	159	1454	1434	71	742106	668	7579	105194	51430	432	8824	713	370	284	3081	14716	25186	7699	1845	122021	3165	1897	6660	550	892639	33259	101943	584	142	38291	11075	1376	912	25902	263615	186	793	60	26529	14715	15270	989	1247	490	1985444	1644	3611	127	299005	179585	10002	58470	932	422	63385	14578	12530	5490	4452	26	58	15336	4384	57809	864
112019C07C	9170501	113	7021	250	15581	3666	3847	168762	1229	1396	1061	1458	96860	822	4854	17091	5832	425	24842	715	895	5208	75	23590	1502	598	4168	11930	1437	795	8003	44688	1358336	495	31727	418	197	3343	3633	1371	69883	2450	35823	100	288	549	2442	1038	30508	704	3382	29937	29350	54806	3450	219	23374	8751	1008	16002	6898520	312	15479	60330	5690	7810	2707	44	1397	464	250	4733	467
112019C08C	3728887	1887	49319	167	7311	3315	2996	76086	598	1534	11786	153	31750	789	875	23374	4786	20189	38880	818	427	204	6966	17223	4412	896	3268	3113	1096	906	5451	254	192074	202	3071	617	94	1450	3036	29483	3555	6633	26849	158	8981	2792	4797	399	24078	1076	3845	2354	12019	34075	3635	130	23782	82563	1850	17817	2782475	8679	29101	17754	3517	5723	3435	12618	3962	227	1441	13146	34565
112019C09C	1652672	363	28227	97	2538	5744	12830	393502	4741	690	42706	6152	72013	219	806	65	3445	13390	4152	164	160	64	66	2165	3969	311	2344	3697	1257	337	8987	5972	371941	1130	14986	2312	79	1660	344	708	18190	1102	13738	41	10729	474	6628	3342	59684	307	21432	24122	381683	7144	1790	115	29332	12700	1058	10063	7195	103	3556	8573	2137	1562	3029	19	2440	967	1903	2997	184
112019C10C	2592616	156	2549	376	20441	1226	3754	1074203	2084	932	905	35	102081	1280	2977	195	17569	460	2412	702	233	262	118	4566	11074	210162	3445	147139	587	745	4882	80	17394	6727	34970	14353	88	12642	5119	1141	3673	8026	54611	125	386	29401	12816	19302	88474	2938	418	221	444178	1101	4820	183	22785	2774	60400	14274	803	377	1280	25661	35196	5495	2553	48	3791	32734	145	3246	317
112019C11C	296692	3647	16532	18	4089	2989	2009	86003	91	30	985	277	18780	62	296	3972	980	3350	5824	68	19	15	14	6904	2119	216	112	2157	77	79	2449	109	8331	108	2495	14	0	507	219	57	315	1042	11220	12	1052	666	1971	150	9352	37	1442	4340	62031	1031	1803	0	16213	3841	495	717	589	36	428	431	355	262	255	0	13	31	16	476	67
112019C12C	951592	30	2149	19	15761	1408	7576	376588	364	37	1690	3573	31326	34	2918	32	3414	3818	16102	56	0	97	21	2208	2940	1238	77	6660	452	241	1949	1162	58749	379	3053	24	0	1429	474	8138	713	1616	30206	12	36	99	3196	501	37316	30	50	7431	247314	4167	220	14	52305	2806	752	60	1141	29	2785	380	699	221	521	0	51	159	127	309	140
112019D01C	9034537	6454	120086	1217	10649	48200	18823	197218	2739	21034	46131	409	291366	199004	7302	126208	27397	196788	193331	5266	4431	9953	19198	156415	22270	3922	51609	10906	10155	13555	28804	1131	680575	1188	12750	1325	540	6647	19813	43176	80064	6430	187215	781	39221	2647	21134	1441	37536	7609	3849	90748	26068	93854	31030	1776	309454	302291	14916	252151	4418407	8599	21249	259657	16457	43754	25597	9154	1866	2226	1109	95483	2779
112019D02C	21022871	290879	1244860	4974	46482	183477	45562	807392	8620	18335	26497	147128	1023684	15490	39692	304647	101810	381941	343554	13031	6135	10948	43629	532146	140277	15767	67994	75398	17880	7150	43306	3731	2936532	3991	68599	2165	661	22909	49781	31018	27961	121357	619218	1623	539630	61927	153280	5316	570378	16676	22342	369205	340263	205624	1252174	2933	627202	114365	59974	334823	5232969	59758	169538	271360	73150	116919	63198	825	20238	10766	938	423153	5716
112019D03C	14435967	7964	934234	749	57642	73731	298362	1338303	293	7678	13329	6529	1061081	2033	21980	910	101564	1179	288060	1774	1567	661	1100	330871	23483	6057	19584	116011	332829	4805	315811	24108	556595	159227	71794	2412	336	30693	4546	8699	12713	13749	1432441	737	221771	27967	26089	7408	500788	2344	380702	109107	4192357	1453	13055	612	548621	99689	24861	92457	8315	49025	8251	87819	119749	14820	12116	98	133	183094	1781	7512	5749
112019D04C	6144549	109	243058	307681	99201	7298	35676	419441	2643	3209	31628	10878	65808	919	6821	74733	7781	12940	3413	713	549	348	135	21084	17659	2762	7578	7081	1312	938	11865	1657	297525	378	21335	954	107	2247	3616	2317	36574	16361	16591	111	264	26921	21940	1433	158621	1139	53490	146077	381539	83484	5379	201	11558	7467	2172	37066	3305376	379	4643	37063	3415	4612	6031	38	31439	1791	267	4070	1640
112019D06C	5270786	269	95970	150501	317464	4942	6679	2410828	50570	1625	13382	20014	104373	1068	45622	227	8549	10380	5464	1237	530	622	156	23830	20317	1987	3649	19351	4434	1554	8920	74	401813	622	16354	212	89	4415	9534	1743	26428	8098	42202	156	376	33086	29628	1691	193355	1401	49931	63190	698021	850	4473	1061	55220	36455	8522	16560	1852	810	60573	54170	2346	8966	14995	29	172	1306	135	35690	49668
112019D07C	1960882	113	148373	132	192983	25994	30242	392563	1592	227	490	10606	197136	293	360	478	7389	151	10132	310	80	308	90	13469	15853	9607	1020	19127	325	327	3825	18968	278645	612	17489	289	39	6606	1861	312	264	4157	131347	59	201	11457	21460	5497	6488	544	205	114	269582	418	17755	32	40545	18264	4362	3715	866	278	1593	3220	2618	1722	2258	19	57	1009	82	1683	595
112019D08C	2751961	30132	288512	19799	223414	10015	7850	570284	122	665	4674	569	104146	1370	12310	44157	10363	32927	13123	1431	4046	13135	302	47317	19239	2842	1886	21995	55014	1760	6328	767	257457	734	9488	798	101	4958	11033	2474	26117	12474	42689	163	20453	6816	26602	4641	119181	1225	4418	30444	325230	2398	3985	234	30312	11865	6783	12035	30232	1739	12584	51433	57403	12987	8846	127	15089	1552	254	33552	561
112019D09C	1477366	1712	15530	3741	8484	3494	2405	59013	1056	1211	1127	146	40590	1146	1832	133	4677	8450	22538	1007	481	8447	3431	13139	7088	949	3595	3933	1248	89869	6738	90	159554	308	4159	192	123	1662	6241	2817	1885	2586	15854	100	1162	1598	10190	323	9241	1480	1420	19500	9717	41941	3818	233	29354	15491	1771	23379	683371	774	16527	15831	1545	8191	3325	95	250	657	192	26903	36306
112019D10C	2677435	1430	141743	20703	107699	8762	22047	526574	444	334	11397	3250	101904	379	529	281	6052	21549	33808	374	84	141	66	25670	5344	1113	2378	5052	13751	1236	10024	1095	494029	443	9984	209	59	3170	1780	5058	2804	15375	40768	94	228	19289	6523	944	145738	488	241	22855	322362	894	1358	103	45363	306080	2706	5417	776	199	47740	3786	12668	2509	10938	25	14483	2822	2075	9135	40704
112019D11C	464644	5163	31828	2800	22295	3471	2614	96766	1778	135	830	833	34153	129	2236	28572	1322	6515	6963	123	61	2623	28	8592	1217	206	322	1512	104	207	2837	103	55606	104	1518	127	17	774	375	148	4324	1460	10894	19	2441	1591	1621	221	12986	165	2660	5014	47717	1187	830	40	14650	17179	353	1710	1299	76	979	1378	1800	1089	2257	0	695	66	128	2647	161
112019D12C	208442	0	269	13151	28618	424	2095	69399	59	26	125	0	3683	26	24	11	508	1156	373	106	0	0	0	618	617	180	79	3417	0	28	307	0	3831	381	468	19	0	567	5536	46	3081	428	4929	0	0	41	994	257	15886	0	47	3473	32801	129	91	0	3421	236	472	325	590	22	449	2199	1392	173	360	0	15	148	40	282	14
112019E02C	25611250	8630	71875	304429	396746	48723	78966	892265	51430	121556	19344	2593	629452	31756	160986	904318	72348	470689	1502099	19326	9140	134623	51747	485602	139407	16897	287735	36186	55907	6367	41769	3990	2118037	2014	161068	4381	1907	26801	163383	148500	19337	75978	114507	1629	7494	34521	183284	3383	214277	40455	179646	302522	529871	367880	166880	11636	115394	118861	97761	2403645	9054954	11557	377169	350144	22797	165879	67675	6563	7106	6493	1993	862155	4812
112019E03C	23927744	3783	102511	1252	2022493	30794	181335	6758052	8030	14397	10206	47187	507743	8038	10986	43704	43102	81761	49293	5294	3372	267350	1142	133302	82794	8945	32776	122840	7031	2549	34919	660	662996	1837	133352	1979	398	45942	24450	16888	6971	25729	566071	284	16456	341530	78804	36625	1610385	8443	226772	289796	5783546	68683	29151	1789	89079	25481	134089	187279	2202729	2966	125689	143193	18532	54884	139950	48	36767	6027	484	152741	1288
112019E04C	8635996	1737	166698	18538	532771	43546	59140	1473904	7099	26232	11938	63667	142355	12752	48847	337845	84441	123639	56940	10483	6309	269112	1150	27440	90171	18852	63274	38747	13291	4517	27619	13984	443655	1574	97750	3471	1118	15749	106575	28004	2619	138721	398324	1757	4037	17549	96530	6247	553060	16571	210277	361798	340558	87788	46170	3599	175198	79346	24160	342894	302509	6511	54545	273120	17687	94803	32511	179	2783	8437	765	364338	75671
112019E05C	4417289	24229	19376	39583	198645	34907	39415	1152671	1005	1398	19119	47742	162053	512	1344	429	13535	59651	2518	538	270	7402	1586	4932	41494	606	3286	23549	9707	498	3395	436	50157	15971	100572	4901	83	5736	1944	28788	1564	4571	98847	120	544	154	35315	1327	104482	632	81	186	1871806	717	2605	153	69503	44185	3375	17020	3108	302	985	15937	2918	3216	1592	27	273	5083	246	2158	274
112019E06C	7715351	1185	152410	598	57558	10543	10510	683046	5581	4902	9867	695	55262	1587	19808	49257	10437	31297	139120	1333	1079	17790	2032	32074	9585	1082	11745	6938	2464	1771	10553	13245	321469	515	20397	14012	177	3804	2835	4365	46553	4395	66634	158	904	77726	9474	983	202831	1735	10121	139959	434810	79936	8053	557	54046	34748	8594	61468	4603470	545	27514	57610	11725	9740	9848	28	17310	2694	833	4651	2770
112019E07C	4888111	42059	38004	204	49726	20469	9717	210423	15496	2925	14980	17726	245750	941	684	34116	13007	114097	92247	1071	676	517	512	127600	5316	1322	7357	7831	14086	906	13789	519	160375	1165	12447	5701	90	3502	2230	3032	13635	2820	78118	319	46154	1125	8826	3506	43825	1263	6346	61644	627801	44326	5677	327	90974	22215	5576	42191	2005977	1671	6603	33330	401426	5680	5633	134	7694	1749	9939	8378	614
112019E08C	5781670	93643	93191	201430	39988	13697	4017	116631	1269	1735	24439	10607	76914	4938	10686	83748	21424	62164	60251	4863	1175	1573	25015	34216	42505	7139	4019	10276	2836	2987	20406	714	373117	777	25517	561	229	5698	37635	2570	13578	12544	79609	455	3773	16059	44632	1351	35201	4496	19942	11518	46654	45320	12914	777	77986	25493	17316	47739	3003795	15063	13530	263856	41451	36934	12454	60	757	663	379	195140	155631
112019E09C	3287087	94	489	281191	77837	331	5319	1694965	170	481	64690	11	43896	273	668	33	4234	109	699	241	126	107	1241	1872	1411	2086	573	224630	1258	112	859	40	7911	3691	68284	65	46	8597	1449	8726	131	3843	24157	27	173	118	4117	5504	279889	390	765	76	401657	326	1170	70	2728	5752	14097	14452	2797	156	210	4503	5772	1479	584	0	963	1345	60	906	55
112019E10C	5031373	96	269282	288	54700	36917	125935	990322	939	574	46132	8553	297111	31874	1477	534	21822	76218	35228	447	169	193	128	86777	3551	1495	2180	7410	2436	2978	53782	88522	866448	1165	5848	633	127	3710	1079	782	267938	25528	76118	112	233	13315	7463	1096	90625	387	3421	29710	1044321	598	2023	103	193236	83690	1912	8268	254	319	13211	7836	6457	3491	5494	41	168	4021	1834	7306	2982
112019E11C	603844	55	9759	5668	72692	5000	3319	76724	240	207	15215	1547	40962	291	3274	45	2302	7772	12235	314	107	75	228	8334	2098	472	923	2606	600	352	2817	187	100657	262	1987	42	12	888	1139	1163	3282	1964	8802	39	155	289	2747	198	13702	345	152	1013	53892	149	1022	53	58069	43322	1047	3992	150	173	2089	2746	7560	2404	3467	11	15	133	652	7429	211
112019F01C	37032825	2228	26572	5477	2297492	218875	106810	13555688	21155	57935	17124	23501	2907756	12948	270981	76732	116614	188133	49483	8993	11985	135140	1087	39207	102304	178505	142498	532260	50092	3411	76652	250109	454945	2665	82294	52782	773	71147	46705	57700	166554	45932	1860871	1095	3522	346391	153476	24985	1841974	14898	396856	257294	5701854	22490	76478	3988	418045	586325	83675	710455	67715	5902	8012	653280	45082	109955	318614	836	224725	40100	1050	268195	315443
112019F02C	2872263	5387	6996	173961	242312	12737	39115	686325	587	2976	11933	14877	204380	2095	22973	189	7234	4096	73758	1340	824	1190	149	11934	17363	1306	6627	10760	2229	693	7871	20852	119156	577	19066	1384	156	3648	20445	5259	703	8175	34540	146	424	358	18949	1268	113637	2623	37176	26706	524181	1451	6740	369	151813	30801	4330	33821	1923	763	6031	30662	10326	12298	7704	42	2633	938	136	33163	2673
112019F03C	22510588	417094	659680	2156	1872655	245323	159887	6787024	417804	9734	202697	142221	1218627	5107	17476	2102	149710	301633	200809	4119	2762	2548	607	354619	189714	43851	11738	150140	29751	3089	36260	354123	523178	4694	434059	2105	635	51886	19344	8283	13580	65307	1302342	560	3571	118749	297487	18122	1490067	7539	17719	103728	2660920	8625	24350	1094	153100	83832	82420	624980	21135	2571	8244	103853	19065	35708	63797	164	1590	12339	2456	119347	2983
112019F04C	9940041	183	619628	918	778378	55959	365400	235135	643	1551	40487	21	542425	975	208	265	12347	669	6282	749	380	409	4387	8297	3838	562	3398	151088	554	3325	3928	309	78036	600	46507	329	89	11560	46535	1555	10789	621	177633	127	501	227	2940	43383	16741	936	104	394	5697766	285	3596	158	370605	357888	1918	15317	1713	685	4691	26388	9339	8113	58553	26	51	21255	74885	3042	1462
112019F05C	2065484	344	67092	313	44535	26600	46420	207750	978	19401	1148	62	155998	670	7155	113141	10493	52760	104618	593	319	553	3057	33356	15522	1154	3303	48637	615	1072	11320	819	234451	481	8466	268	81	3235	1941	1469	1309	4247	29165	154	434	8021	17685	838	35375	843	2467	82719	44866	43871	3165	117	21861	46800	2436	13460	397168	448	11926	14103	4197	4030	8735	29	29977	899	99	3101	749
112019F06C	1022656	83	28480	9298	52336	1712	2973	242795	9973	760	1904	279	30574	389	3455	114	8029	2255	16283	391	167	2079	335	8744	3420	616	2236	2572	612	963	5925	3581	155885	326	2515	392	75	1895	1834	701	37398	1879	10590	92	292	8869	4642	417	30898	513	20597	189	161026	17206	1718	92	44313	4959	1341	13862	15268	222	9167	10058	1959	2748	2759	15	680	584	3553	7376	418
112019F07C	7305876	21812	18277	1679	760285	22321	3609	790532	3821	4728	6564	2907	134071	4427	35406	159432	15991	81603	7341	5327	2497	70032	1831	58088	43080	5436	12347	58904	28720	890	9818	709	237854	553	40261	5259	179	5912	36469	6188	444	60407	47346	820	222522	11212	44053	2876	327523	6038	14112	225858	564000	63566	14828	981	95393	25108	10745	82293	2290633	105443	3658	54243	149402	43817	21914	23	506	631	151	109888	282
112019F08C	256491	23	12804	52	5711	2431	4745	10337	81	136	178	471	15554	144	1647	15507	1131	4015	2168	106	49	1789	0	8852	1707	143	478	961	67	135	1239	149	20816	67	1730	60	11	297	801	194	196	1703	11862	38	66	65	2588	89	1738	148	1313	9830	20532	1982	365	1869	2716	4084	432	2128	62384	107	2374	1665	503	829	789	15	308	86	18	6710	173
112019F09C	2586391	95509	62108	38	22264	5132	10050	1374789	199	275	23644	22444	42988	119	746	56	3846	9787	1316	142	67	122	2963	1994	5751	2294	811	88979	63860	130	3999	1859	2272	596	7100	1572	34	4468	791	564	1542	2511	76519	36	68014	82	8472	751	130436	172	1550	74	356088	46399	791	50	3754	2538	6840	2772	1561	109	446	2822	1185	3719	178	15	175	183	180	529	220
112019F10C	4664647	197	206170	330	106770	7748	4647	1359070	2798	1114	934	23193	90614	570	2066	404	12088	27409	21693	668	272	862	147	43976	19774	1560	8920	16079	992779	1184	13946	6291	23224	7740	21692	315	65	7488	6435	7230	2980	6749	167282	102	338	36666	24321	1850	91125	915	4413	36878	889136	13557	4679	84	122262	11199	5931	12154	127676	338	7649	10719	5771	4042	1429	35	150	591	113	24514	537
112019F11C	636694	11	17817	242	1579	766	798	18571	145	55	6936	0	8617	35	225	5533	354	3594	1062	53	14	20	3298	4153	192	37	115	339	1662	185	468	117	40674	23	166	60	0	189	200	124	550	70	1358	26639	688	1169	178	64	5870	64	428	75	6043	6755	936	0	3764	541	67	468	450814	34	2588	533	418	304	972	0	5769	32	52	925	97
112019G01C	9651391	104271	19404	1261	101204	25772	9214	443767	9969	46667	8308	12635	228705	17815	47199	194672	17995	320253	32659	5027	6709	72955	4552	140101	22570	1615	73682	34067	19885	1183	15846	1296	287371	961	125450	474813	869	8622	10362	30321	3878	7387	85016	38347	152401	11975	23842	2575	189653	310314	14345	453969	305610	347079	44319	1668	36103	24697	5309	371795	3618521	24219	4968	341310	35630	41124	7166	119675	20846	1114	3542	22289	678
112019G02C	4820681	205201	262931	28933	213474	21822	8497	1206126	1269	3647	101762	71	238276	2388	554	253	17671	126859	25048	2239	1340	524	355	29617	23381	4433	13907	20096	5564	1248	36581	213	307955	873	22421	428	199	10182	7758	6854	12594	25831	47534	238	56510	24338	26975	1813	277845	2776	11583	33051	468755	1243	10055	386	204383	353254	18946	79736	527	1555	7285	39167	7903	18695	37300	30	290	911	113	34477	53632
112019G03C	8960520	824	606744	173036	138322	37312	168985	2863707	1076	2967	8809	23288	354609	1211	59742	699	21081	48509	41531	1151	605	3211	409	119393	10097	1804	6541	24477	1400	2587	22225	26692	1061231	1340	14153	9940	232	12399	2957	2602	6503	14322	339101	374	715	120	12836	36889	636595	1461	7075	1924	1315958	3524	5281	272	347890	56338	9130	30293	9430	1003	10673	30674	18155	8830	34099	63	98866	12961	2413	27602	1252
112019G04C	3533497	19997	1646	69	16965	647	2685	1461885	467	485	6864	10050	43036	402	4972	47	10556	15226	1201	232	182	136	70	2878	2945	489	2843	9992	93039	129	1702	59	2706	22472	13862	1619	79	5261	244	2369	146	728	225433	37	33364	172	4069	568	223504	354	14430	36	1210435	1164	1395	311	3320	928	540	11503	2226	141	331	9178	2864	2176	78	0	10768	9247	2807	646	90
112019G05C	14612472	437146	1032449	1176	1781385	91681	105561	1346095	64663	7269	628306	147304	724225	5129	173231	1078	36685	438883	33069	5847	2443	1624	2427	301813	58318	24595	19145	88893	5492	2213	26440	22355	1313614	1470	60632	772	268	36695	10221	19180	33519	85059	351404	1045	280326	109408	63578	10513	1254439	6826	137545	134284	945716	14152	18696	893	155725	69007	26022	101418	1126717	114716	49108	78765	33626	90799	69743	102	510	1890	585	184264	2280
112019G06C	6348964	8357	232464	470	65462	8342	8096	467921	24505	1417	37155	556	99737	2260	23384	90569	13506	20745	70811	2245	657	28647	482	79975	16489	2329	2882	7736	1592	1561	30226	1192	760200	491	24656	435	152	3881	10666	2225	6272	7827	33428	198	36653	5500	27621	1059	112435	2155	29279	166537	135742	64812	104658	518	46948	23587	10748	128421	3121970	5529	19196	18217	9046	15218	14584	57	14725	1142	455	29483	468
112019G07C	875400	67	2852	406	324	7142	7907	445795	0	239	482	2635	65359	106	200	81	5213	104	1978	227	52	84	1062	2614	3460	54133	3277	17102	2848	313	12530	89	18676	1011	6198	69	31	2859	933	304	48270	3464	82319	20	154	12	4319	855	849	139	144	79	2421	72	740	22	41785	2387	1406	4037	52	158	709	3137	1397	895	703	10	0	2458	1568	1575	482
112019G08C	1510311	484	49043	371	8406	12686	14460	87686	622	750	1133	726	158448	540	1942	184	4939	19418	30701	456	186	3063	3577	42374	2329	682	1913	2454	360	1213	6548	126	130680	273	3698	198	43	1717	2714	1863	7626	1224	51510	92	239	2603	2489	330	8977	520	12636	188	121970	27480	1763	88	61209	7052	1028	8931	488043	470	74647	8003	2007	2940	3870	20	79	1652	72	10805	742
112019G09C	8222312	9357	1629	1131	9958	2338	1139	2883165	529	1018	112787	1158	30193	624	160	7655	134547	4978	3519	452	195	301	1343	31763	205	390	6547	6306	1960222	244	1948	233	21315	2907	320	221410	99	2391	113	293036	635	177	76103	278	935	41	615	2154	56284	701	1270	19685	345788	189345	14620	472	6833	2331	198	21475	4782	2788	1260	7162	413386	3115	135	25	21297	290	1270032	317	158
112019G10C	4978288	268	43142	290	1523	10621	105152	1623680	629	486	2758	28482	241554	946	354	365	10318	20579	130877	1045	207	328	1068	18386	10114	2772	76935	10973	10505	1815	13156	10086	748156	645	23383	298	108	5256	5020	622	57644	22800	115247	99	521	164	15302	1660	13226	873	705	340	965358	13095	3208	178	199157	283344	9297	1702	1215	769	10047	6285	22937	7818	28721	37	508	2837	679	28287	1326
112019G11C	227495	12	40258	0	2425	2943	1111	80553	116	58	128	335	18181	15	91	5975	955	79	2160	30	20	10	0	1790	342	136	165	863	40	91	3369	18	16241	66	473	26	0	243	96	45	308	240	6566	0	15	1257	361	111	8802	0	3209	223	14080	849	146	10	1996	1470	180	765	1224	14	2260	540	2434	143	222	0	234	104	36	150	87
112019H01C	5110809	9321	40766	884	87754	4602	2152	223528	6745	2927	13002	1606	44777	2659	19155	7535	10606	18926	17922	2427	871	16271	720	19590	11653	1284	7380	7609	2261	1227	9812	221	211367	504	8876	1513	200	4831	7764	2837	16536	5981	25798	329	77074	6900	17142	2124	56391	2573	37707	178452	70728	121166	227542	466	184363	8417	5205	33044	2793069	1468	4664	34883	125759	18338	3821	132	2404	494	84379	59746	69629
112019H02C	15202910	1951	196568	446402	223786	93113	132580	1910585	2493	23423	14349	122854	986571	11084	5920	4111	126834	155552	183911	9612	5689	12386	1295	261629	154767	39774	54666	153874	23108	7118	35051	86788	1517735	3704	99133	4584	1346	29328	109118	1407319	195803	211806	493938	1507	3621	78519	127377	14766	873890	13906	1261	532154	1076250	45853	46254	2661	202387	642108	108058	283620	280512	6062	214044	277672	182715	93404	69887	232	1024	25323	4904	427701	3580
112019H03C	9480176	301	363572	222	4024	28254	70712	4680518	404	1797	1869	10	240299	961	2527	311	13232	29449	13101	852	385	248	7008	61178	18221	1759	6895	34873	46587	1219	31979	14956	422427	2616	88817	447	112	8131	3287	2769	10278	17726	139593	145	684	33188	45590	2212	155449	1124	1815	492	2562036	861	3896	179	68695	6628	10509	34740	4517	666	10002	22349	45893	7740	41935	28	24	3645	5939	33935	1334
112019H04C	1639944	2849	26928	249	28041	7234	2457	71641	971	993	1488	6605	59822	999	8800	26778	12450	11909	66883	973	355	269	11571	26884	10213	1496	3266	3727	951	1512	4365	288	188698	340	5282	336	89	2573	3006	2718	17285	2192	23416	171	11095	7241	8488	653	14212	1040	1913	3718	49313	20306	3008	192	113881	120799	2310	15347	535586	9086	4068	13246	2988	6705	4152	26	3586	717	194	35313	1688
112019H05C	6405424	1098	34160	1222	99199	36274	31804	419495	3719	8378	5658	593	493842	4430	3987	150930	44091	37845	83831	4313	2008	46383	616	79994	32399	8050	20223	17776	4466	2918	33994	1904	789333	1460	28102	1833	531	10589	17536	7565	117079	104633	91330	1080	2250	38197	37505	2603	113259	5476	17333	265635	196023	113275	18675	1043	74245	62409	19705	101609	1972075	4168	50594	170951	13861	30236	14105	161	9573	4342	651	61091	117703
112019H06C	674206	422	16894	268	46299	877	1310	74169	845	836	1857	361	16877	1094	1807	177	5218	4634	76265	979	326	4612	140	6602	9452	1749	1833	3496	105112	478	2845	63	65985	90	5975	468	69	1253	8559	3503	3979	2710	5330	122	455	1427	8591	405	17195	1257	254	12471	19284	4404	3089	191	9350	9078	7782	9795	31821	546	7004	9019	1407	8378	2810	21	142	1278	410	19978	424
112019H07C	6518722	238023	1364	111717	42821	1823	6544	3243369	1594	826	175665	26539	157257	283	22483	224	8124	43763	5422	332	173	486	3191	94830	21718	758	1931	51406	41375	256	3540	120	7933	912	45550	203	28	4052	1614	1014	625	6100	105994	126	175192	12466	6066	571	265235	427	20022	127	1448943	10290	1840	157	2800	2006	14557	9133	19186	198	258	8178	25729	1803	815	31	341	4966	3037	2163	77
112019H08C	687105	458	4681	22	2105	1599	3007	16206	185	195	126	54	9797	80	934	71	689	1954	5055	109	44	35	1251	5551	388	49	477	289	82	135	1065	973	27019	49	463	58	17	218	172	158	7316	650	3709	21	278	700	491	52	1896	96	1512	41	8248	11307	371	13	8458	777	95	2407	535591	1248	2806	2172	5815	529	560	0	1274	100	1787	890	75
112019H09C	1334623	38	44131	6110	1032	11402	20331	507977	40	108	250	3311	76094	78	168	238	3364	59	6157	112	26	61	1057	7644	1319	601	240	7251	72	491	12496	4320	70290	401	3585	78	29	1846	406	3014	2245	3052	27890	26	132	74	1785	1033	5826	79	2986	63	397645	436	326	0	50155	13010	1037	848	154	70	11518	1980	1320	482	190	11	10535	2165	286	648	389
112019H10C	485041	88	3565	29	1585	6033	6022	155848	32	49	5106	0	59050	65	39	35	1638	3849	763	52	17	21	23	7966	1416	375	76	3928	42	107	3365	1594	41880	195	1659	38	0	782	784	76	185	1831	8393	18	24	117	1760	579	12405	57	74	2525	50226	64	207	0	73615	13611	567	4501	57	28	615	614	1256	282	1928	0	26	798	94	302	90
112019H11C	301827	58	6205	15458	17793	921	2628	32756	5264	100	487	1147	22849	189	249	74	1878	696	6824	182	33	966	1048	7588	2128	248	301	1133	1203	205	1380	409	18889	68	1035	69	27	597	1520	199	2245	1169	10391	41	127	3215	2195	114	10714	121	24	113	68729	103	4612	23	3569	6236	914	1860	9094	137	2322	1175	568	1217	1371	0	68	169	78	8471	5838
